"Title","Media URL","Pinterest board","Thumbnail","Description","Link","Publish date","Keywords"
"How well do you know K-pop?","https://rdkgouofytwfdpbxbzio.supabase.co/storage/v1/object/public/pinterest-question-pins/q-general-kpop-0.png","K-pop Quizzes","","A K-pop question for real fans. Think you know the answer? Tap through and play the full free quiz on kpopquiz.org to find out. Hundreds of fan-made K-pop quizzes, no signup, always free.","https://kpopquiz.org?utm_source=pinterest&utm_medium=pin&utm_campaign=q0","2026-08-04T08:00:00","kpop, kpop quiz, kpop trivia, kpop fan, kpop game, kpop challenge"
"ATEEZ quiz: can you get this one right?","https://rdkgouofytwfdpbxbzio.supabase.co/storage/v1/object/public/pinterest-question-pins/q-ateez-1.png","ATEEZ Quizzes","","A ATEEZ question for real fans. Think you know the answer? Tap through and play the full free quiz on kpopquiz.org to find out. Hundreds of fan-made K-pop quizzes, no signup, always free.","https://kpopquiz.org/ateez-quiz?utm_source=pinterest&utm_medium=pin&utm_campaign=q1","2026-08-04T09:00:00","ateez, kpop quiz, kpop trivia, ateez quiz, ateez fan, kpop game, kpop challenge"
"Only real Stray Kids fans get this","https://rdkgouofytwfdpbxbzio.supabase.co/storage/v1/object/public/pinterest-question-pins/q-stray-kids-2.png","Stray Kids Quizzes","","A Stray Kids question for real fans. Think you know the answer? Tap through and play the full free quiz on kpopquiz.org to find out. Hundreds of fan-made K-pop quizzes, no signup, always free.","https://kpopquiz.org/stray-kids-quiz?utm_source=pinterest&utm_medium=pin&utm_campaign=q2","2026-08-04T10:00:00","stray kids, kpop quiz, kpop trivia, stray kids quiz, stray kids fan, kpop game, kpop challenge"
"Test your BTS knowledge","https://rdkgouofytwfdpbxbzio.supabase.co/storage/v1/object/public/pinterest-question-pins/q-bts-3.png","BTS Quizzes","","A BTS question for real fans. Think you know the answer? Tap through and play the full free quiz on kpopquiz.org to find out. Hundreds of fan-made K-pop quizzes, no signup, always free.","https://kpopquiz.org/bts-quiz?utm_source=pinterest&utm_medium=pin&utm_campaign=q3","2026-08-04T11:00:00","bts, kpop quiz, kpop trivia, bts quiz, bts fan, kpop game, kpop challenge"
"BLACKPINK trivia: do you know the answer?","https://rdkgouofytwfdpbxbzio.supabase.co/storage/v1/object/public/pinterest-question-pins/q-blackpink-4.png","BLACKPINK Quizzes","","A BLACKPINK question for real fans. Think you know the answer? Tap through and play the full free quiz on kpopquiz.org to find out. Hundreds of fan-made K-pop quizzes, no signup, always free.","https://kpopquiz.org/blackpink-quiz?utm_source=pinterest&utm_medium=pin&utm_campaign=q4","2026-08-04T12:00:00","blackpink, kpop quiz, kpop trivia, blackpink quiz, blackpink fan, kpop game, kpop challenge"
"Can you pass this aespa question?","https://rdkgouofytwfdpbxbzio.supabase.co/storage/v1/object/public/pinterest-question-pins/q-aespa-5.png","aespa Quizzes","","A aespa question for real fans. Think you know the answer? Tap through and play the full free quiz on kpopquiz.org to find out. Hundreds of fan-made K-pop quizzes, no signup, always free.","https://kpopquiz.org/aespa-quiz?utm_source=pinterest&utm_medium=pin&utm_campaign=q5","2026-08-04T13:00:00","aespa, kpop quiz, kpop trivia, aespa quiz, aespa fan, kpop game, kpop challenge"
"How well do you know TWICE?","https://rdkgouofytwfdpbxbzio.supabase.co/storage/v1/object/public/pinterest-question-pins/q-twice-6.png","TWICE Quizzes","","A TWICE question for real fans. Think you know the answer? Tap through and play the full free quiz on kpopquiz.org to find out. Hundreds of fan-made K-pop quizzes, no signup, always free.","https://kpopquiz.org/twice-quiz?utm_source=pinterest&utm_medium=pin&utm_campaign=q6","2026-08-04T14:00:00","twice, kpop quiz, kpop trivia, twice quiz, twice fan, kpop game, kpop challenge"
"SEVENTEEN quiz: can you get this one right?","https://rdkgouofytwfdpbxbzio.supabase.co/storage/v1/object/public/pinterest-question-pins/q-seventeen-7.png","SEVENTEEN Quizzes","","A SEVENTEEN question for real fans. Think you know the answer? Tap through and play the full free quiz on kpopquiz.org to find out. Hundreds of fan-made K-pop quizzes, no signup, always free.","https://kpopquiz.org/seventeen-quiz?utm_source=pinterest&utm_medium=pin&utm_campaign=q7","2026-08-04T15:00:00","seventeen, kpop quiz, kpop trivia, seventeen quiz, seventeen fan, kpop game, kpop challenge"
"Only real NewJeans fans get this","https://rdkgouofytwfdpbxbzio.supabase.co/storage/v1/object/public/pinterest-question-pins/q-newjeans-8.png","NewJeans Quizzes","","A NewJeans question for real fans. Think you know the answer? Tap through and play the full free quiz on kpopquiz.org to find out. Hundreds of fan-made K-pop quizzes, no signup, always free.","https://kpopquiz.org/newjeans-quiz?utm_source=pinterest&utm_medium=pin&utm_campaign=q8","2026-08-04T16:00:00","newjeans, kpop quiz, kpop trivia, newjeans quiz, newjeans fan, kpop game, kpop challenge"
"Test your LOONA knowledge","https://rdkgouofytwfdpbxbzio.supabase.co/storage/v1/object/public/pinterest-question-pins/q-loona-9.png","K-pop Quizzes","","A LOONA question for real fans. Think you know the answer? Tap through and play the full free quiz on kpopquiz.org to find out. Hundreds of fan-made K-pop quizzes, no signup, always free.","https://kpopquiz.org/loona-quiz?utm_source=pinterest&utm_medium=pin&utm_campaign=q9","2026-08-04T17:00:00","loona, kpop quiz, kpop trivia, loona quiz, loona fan, kpop game, kpop challenge"
"EXO trivia: do you know the answer?","https://rdkgouofytwfdpbxbzio.supabase.co/storage/v1/object/public/pinterest-question-pins/q-exo-10.png","EXO Quizzes","","A EXO question for real fans. Think you know the answer? Tap through and play the full free quiz on kpopquiz.org to find out. Hundreds of fan-made K-pop quizzes, no signup, always free.","https://kpopquiz.org/exo-quiz?utm_source=pinterest&utm_medium=pin&utm_campaign=q10","2026-08-04T18:00:00","exo, kpop quiz, kpop trivia, exo quiz, exo fan, kpop game, kpop challenge"
"Can you pass this IVE question?","https://rdkgouofytwfdpbxbzio.supabase.co/storage/v1/object/public/pinterest-question-pins/q-ive-11.png","IVE Quizzes","","A IVE question for real fans. Think you know the answer? Tap through and play the full free quiz on kpopquiz.org to find out. Hundreds of fan-made K-pop quizzes, no signup, always free.","https://kpopquiz.org/ive-quiz?utm_source=pinterest&utm_medium=pin&utm_campaign=q11","2026-08-04T19:00:00","ive, kpop quiz, kpop trivia, ive quiz, ive fan, kpop game, kpop challenge"
"How well do you know (G)I-DLE?","https://rdkgouofytwfdpbxbzio.supabase.co/storage/v1/object/public/pinterest-question-pins/q-g-i-dle-12.png","(G)I-DLE Quizzes","","A (G)I-DLE question for real fans. Think you know the answer? Tap through and play the full free quiz on kpopquiz.org to find out. Hundreds of fan-made K-pop quizzes, no signup, always free.","https://kpopquiz.org/g-i-dle-quiz?utm_source=pinterest&utm_medium=pin&utm_campaign=q12","2026-08-05T08:00:00","(g)i-dle, kpop quiz, kpop trivia, (g)i-dle quiz, (g)i-dle fan, kpop game, kpop challenge"
"TXT quiz: can you get this one right?","https://rdkgouofytwfdpbxbzio.supabase.co/storage/v1/object/public/pinterest-question-pins/q-txt-13.png","TXT Quizzes","","A TXT question for real fans. Think you know the answer? Tap through and play the full free quiz on kpopquiz.org to find out. Hundreds of fan-made K-pop quizzes, no signup, always free.","https://kpopquiz.org/txt-quiz?utm_source=pinterest&utm_medium=pin&utm_campaign=q13","2026-08-05T09:00:00","txt, kpop quiz, kpop trivia, txt quiz, txt fan, kpop game, kpop challenge"
"Only real Red Velvet fans get this","https://rdkgouofytwfdpbxbzio.supabase.co/storage/v1/object/public/pinterest-question-pins/q-red-velvet-14.png","Red Velvet Quizzes","","A Red Velvet question for real fans. Think you know the answer? Tap through and play the full free quiz on kpopquiz.org to find out. Hundreds of fan-made K-pop quizzes, no signup, always free.","https://kpopquiz.org/red-velvet-quiz?utm_source=pinterest&utm_medium=pin&utm_campaign=q14","2026-08-05T10:00:00","red velvet, kpop quiz, kpop trivia, red velvet quiz, red velvet fan, kpop game, kpop challenge"
"Test your ITZY knowledge","https://rdkgouofytwfdpbxbzio.supabase.co/storage/v1/object/public/pinterest-question-pins/q-itzy-15.png","ITZY Quizzes","","A ITZY question for real fans. Think you know the answer? Tap through and play the full free quiz on kpopquiz.org to find out. Hundreds of fan-made K-pop quizzes, no signup, always free.","https://kpopquiz.org/itzy-quiz?utm_source=pinterest&utm_medium=pin&utm_campaign=q15","2026-08-05T11:00:00","itzy, kpop quiz, kpop trivia, itzy quiz, itzy fan, kpop game, kpop challenge"
"ILLIT trivia: do you know the answer?","https://rdkgouofytwfdpbxbzio.supabase.co/storage/v1/object/public/pinterest-question-pins/q-illit-16.png","K-pop Quizzes","","A ILLIT question for real fans. Think you know the answer? Tap through and play the full free quiz on kpopquiz.org to find out. Hundreds of fan-made K-pop quizzes, no signup, always free.","https://kpopquiz.org/illit-quiz?utm_source=pinterest&utm_medium=pin&utm_campaign=q16","2026-08-05T12:00:00","illit, kpop quiz, kpop trivia, illit quiz, illit fan, kpop game, kpop challenge"
"Can you pass this ENHYPEN question?","https://rdkgouofytwfdpbxbzio.supabase.co/storage/v1/object/public/pinterest-question-pins/q-enhypen-17.png","ENHYPEN Quizzes","","A ENHYPEN question for real fans. Think you know the answer? Tap through and play the full free quiz on kpopquiz.org to find out. Hundreds of fan-made K-pop quizzes, no signup, always free.","https://kpopquiz.org/enhypen-quiz?utm_source=pinterest&utm_medium=pin&utm_campaign=q17","2026-08-05T13:00:00","enhypen, kpop quiz, kpop trivia, enhypen quiz, enhypen fan, kpop game, kpop challenge"
"How well do you know SHINee?","https://rdkgouofytwfdpbxbzio.supabase.co/storage/v1/object/public/pinterest-question-pins/q-shinee-18.png","K-pop Quizzes","","A SHINee question for real fans. Think you know the answer? Tap through and play the full free quiz on kpopquiz.org to find out. Hundreds of fan-made K-pop quizzes, no signup, always free.","https://kpopquiz.org/shinee-quiz?utm_source=pinterest&utm_medium=pin&utm_campaign=q18","2026-08-05T14:00:00","shinee, kpop quiz, kpop trivia, shinee quiz, shinee fan, kpop game, kpop challenge"
"KickFlip quiz: can you get this one right?","https://rdkgouofytwfdpbxbzio.supabase.co/storage/v1/object/public/pinterest-question-pins/q-kickflip-19.png","K-pop Quizzes","","A KickFlip question for real fans. Think you know the answer? Tap through and play the full free quiz on kpopquiz.org to find out. Hundreds of fan-made K-pop quizzes, no signup, always free.","https://kpopquiz.org/kickflip-quiz?utm_source=pinterest&utm_medium=pin&utm_campaign=q19","2026-08-05T15:00:00","kickflip, kpop quiz, kpop trivia, kickflip quiz, kickflip fan, kpop game, kpop challenge"
"Only real Cortis fans get this","https://rdkgouofytwfdpbxbzio.supabase.co/storage/v1/object/public/pinterest-question-pins/q-cortis-20.png","K-pop Quizzes","","A Cortis question for real fans. Think you know the answer? Tap through and play the full free quiz on kpopquiz.org to find out. Hundreds of fan-made K-pop quizzes, no signup, always free.","https://kpopquiz.org/cortis-quiz?utm_source=pinterest&utm_medium=pin&utm_campaign=q20","2026-08-05T16:00:00","cortis, kpop quiz, kpop trivia, cortis quiz, cortis fan, kpop game, kpop challenge"
"Test your ARTMS knowledge","https://rdkgouofytwfdpbxbzio.supabase.co/storage/v1/object/public/pinterest-question-pins/q-artms-21.png","K-pop Quizzes","","A ARTMS question for real fans. Think you know the answer? Tap through and play the full free quiz on kpopquiz.org to find out. Hundreds of fan-made K-pop quizzes, no signup, always free.","https://kpopquiz.org/artms-quiz?utm_source=pinterest&utm_medium=pin&utm_campaign=q21","2026-08-05T17:00:00","artms, kpop quiz, kpop trivia, artms quiz, artms fan, kpop game, kpop challenge"
"LE SSERAFIM trivia: do you know the answer?","https://rdkgouofytwfdpbxbzio.supabase.co/storage/v1/object/public/pinterest-question-pins/q-le-sserafim-22.png","LE SSERAFIM Quizzes","","A LE SSERAFIM question for real fans. Think you know the answer? Tap through and play the full free quiz on kpopquiz.org to find out. Hundreds of fan-made K-pop quizzes, no signup, always free.","https://kpopquiz.org/le-sserafim-quiz?utm_source=pinterest&utm_medium=pin&utm_campaign=q22","2026-08-05T18:00:00","le sserafim, kpop quiz, kpop trivia, le sserafim quiz, le sserafim fan, kpop game, kpop challenge"
"Can you pass this NCT question?","https://rdkgouofytwfdpbxbzio.supabase.co/storage/v1/object/public/pinterest-question-pins/q-nct-23.png","NCT Quizzes","","A NCT question for real fans. Think you know the answer? Tap through and play the full free quiz on kpopquiz.org to find out. Hundreds of fan-made K-pop quizzes, no signup, always free.","https://kpopquiz.org/nct-quiz?utm_source=pinterest&utm_medium=pin&utm_campaign=q23","2026-08-05T19:00:00","nct, kpop quiz, kpop trivia, nct quiz, nct fan, kpop game, kpop challenge"
"How well do you know GOT7?","https://rdkgouofytwfdpbxbzio.supabase.co/storage/v1/object/public/pinterest-question-pins/q-got7-24.png","K-pop Quizzes","","A GOT7 question for real fans. Think you know the answer? Tap through and play the full free quiz on kpopquiz.org to find out. Hundreds of fan-made K-pop quizzes, no signup, always free.","https://kpopquiz.org/got7-quiz?utm_source=pinterest&utm_medium=pin&utm_campaign=q24","2026-08-06T08:00:00","got7, kpop quiz, kpop trivia, got7 quiz, got7 fan, kpop game, kpop challenge"
"Loossemble quiz: can you get this one right?","https://rdkgouofytwfdpbxbzio.supabase.co/storage/v1/object/public/pinterest-question-pins/q-loossemble-25.png","K-pop Quizzes","","A Loossemble question for real fans. Think you know the answer? Tap through and play the full free quiz on kpopquiz.org to find out. Hundreds of fan-made K-pop quizzes, no signup, always free.","https://kpopquiz.org/loossemble-quiz?utm_source=pinterest&utm_medium=pin&utm_campaign=q25","2026-08-06T09:00:00","loossemble, kpop quiz, kpop trivia, loossemble quiz, loossemble fan, kpop game, kpop challenge"
"Only real MAMAMOO fans get this","https://rdkgouofytwfdpbxbzio.supabase.co/storage/v1/object/public/pinterest-question-pins/q-mamamoo-26.png","K-pop Quizzes","","A MAMAMOO question for real fans. Think you know the answer? Tap through and play the full free quiz on kpopquiz.org to find out. Hundreds of fan-made K-pop quizzes, no signup, always free.","https://kpopquiz.org/mamamoo-quiz?utm_source=pinterest&utm_medium=pin&utm_campaign=q26","2026-08-06T10:00:00","mamamoo, kpop quiz, kpop trivia, mamamoo quiz, mamamoo fan, kpop game, kpop challenge"
"Test your BABYMONSTER knowledge","https://rdkgouofytwfdpbxbzio.supabase.co/storage/v1/object/public/pinterest-question-pins/q-babymonster-27.png","K-pop Quizzes","","A BABYMONSTER question for real fans. Think you know the answer? Tap through and play the full free quiz on kpopquiz.org to find out. Hundreds of fan-made K-pop quizzes, no signup, always free.","https://kpopquiz.org/babymonster-quiz?utm_source=pinterest&utm_medium=pin&utm_campaign=q27","2026-08-06T11:00:00","babymonster, kpop quiz, kpop trivia, babymonster quiz, babymonster fan, kpop game, kpop challenge"
"MONSTA X trivia: do you know the answer?","https://rdkgouofytwfdpbxbzio.supabase.co/storage/v1/object/public/pinterest-question-pins/q-monsta-x-28.png","K-pop Quizzes","","A MONSTA X question for real fans. Think you know the answer? Tap through and play the full free quiz on kpopquiz.org to find out. Hundreds of fan-made K-pop quizzes, no signup, always free.","https://kpopquiz.org/monsta-x-quiz?utm_source=pinterest&utm_medium=pin&utm_campaign=q28","2026-08-06T12:00:00","monsta x, kpop quiz, kpop trivia, monsta x quiz, monsta x fan, kpop game, kpop challenge"
"Can you pass this XIKERS question?","https://rdkgouofytwfdpbxbzio.supabase.co/storage/v1/object/public/pinterest-question-pins/q-xikers-29.png","K-pop Quizzes","","A XIKERS question for real fans. Think you know the answer? Tap through and play the full free quiz on kpopquiz.org to find out. Hundreds of fan-made K-pop quizzes, no signup, always free.","https://kpopquiz.org/xikers-quiz?utm_source=pinterest&utm_medium=pin&utm_campaign=q29","2026-08-06T13:00:00","xikers, kpop quiz, kpop trivia, xikers quiz, xikers fan, kpop game, kpop challenge"
"How well do you know ASTRO?","https://rdkgouofytwfdpbxbzio.supabase.co/storage/v1/object/public/pinterest-question-pins/q-astro-30.png","K-pop Quizzes","","A ASTRO question for real fans. Think you know the answer? Tap through and play the full free quiz on kpopquiz.org to find out. Hundreds of fan-made K-pop quizzes, no signup, always free.","https://kpopquiz.org/astro-quiz?utm_source=pinterest&utm_medium=pin&utm_campaign=q30","2026-08-06T14:00:00","astro, kpop quiz, kpop trivia, astro quiz, astro fan, kpop game, kpop challenge"
"TREASURE quiz: can you get this one right?","https://rdkgouofytwfdpbxbzio.supabase.co/storage/v1/object/public/pinterest-question-pins/q-treasure-31.png","K-pop Quizzes","","A TREASURE question for real fans. Think you know the answer? Tap through and play the full free quiz on kpopquiz.org to find out. Hundreds of fan-made K-pop quizzes, no signup, always free.","https://kpopquiz.org/treasure-quiz?utm_source=pinterest&utm_medium=pin&utm_campaign=q31","2026-08-06T15:00:00","treasure, kpop quiz, kpop trivia, treasure quiz, treasure fan, kpop game, kpop challenge"
"Only real AKMU fans get this","https://rdkgouofytwfdpbxbzio.supabase.co/storage/v1/object/public/pinterest-question-pins/q-akmu-32.png","K-pop Quizzes","","A AKMU question for real fans. Think you know the answer? Tap through and play the full free quiz on kpopquiz.org to find out. Hundreds of fan-made K-pop quizzes, no signup, always free.","https://kpopquiz.org/akmu-quiz?utm_source=pinterest&utm_medium=pin&utm_campaign=q32","2026-08-06T16:00:00","akmu, kpop quiz, kpop trivia, akmu quiz, akmu fan, kpop game, kpop challenge"
"Test your TWS knowledge","https://rdkgouofytwfdpbxbzio.supabase.co/storage/v1/object/public/pinterest-question-pins/q-tws-33.png","K-pop Quizzes","","A TWS question for real fans. Think you know the answer? Tap through and play the full free quiz on kpopquiz.org to find out. Hundreds of fan-made K-pop quizzes, no signup, always free.","https://kpopquiz.org/tws-quiz?utm_source=pinterest&utm_medium=pin&utm_campaign=q33","2026-08-06T17:00:00","tws, kpop quiz, kpop trivia, tws quiz, tws fan, kpop game, kpop challenge"
"BIGBANG trivia: do you know the answer?","https://rdkgouofytwfdpbxbzio.supabase.co/storage/v1/object/public/pinterest-question-pins/q-bigbang-34.png","K-pop Quizzes","","A BIGBANG question for real fans. Think you know the answer? Tap through and play the full free quiz on kpopquiz.org to find out. Hundreds of fan-made K-pop quizzes, no signup, always free.","https://kpopquiz.org/bigbang-quiz?utm_source=pinterest&utm_medium=pin&utm_campaign=q34","2026-08-06T18:00:00","bigbang, kpop quiz, kpop trivia, bigbang quiz, bigbang fan, kpop game, kpop challenge"
"Can you pass this NMIXX question?","https://rdkgouofytwfdpbxbzio.supabase.co/storage/v1/object/public/pinterest-question-pins/q-nmixx-35.png","K-pop Quizzes","","A NMIXX question for real fans. Think you know the answer? Tap through and play the full free quiz on kpopquiz.org to find out. Hundreds of fan-made K-pop quizzes, no signup, always free.","https://kpopquiz.org/nmixx-quiz?utm_source=pinterest&utm_medium=pin&utm_campaign=q35","2026-08-06T19:00:00","nmixx, kpop quiz, kpop trivia, nmixx quiz, nmixx fan, kpop game, kpop challenge"
"How well do you know Dreamcatcher?","https://rdkgouofytwfdpbxbzio.supabase.co/storage/v1/object/public/pinterest-question-pins/q-dreamcatcher-36.png","K-pop Quizzes","","A Dreamcatcher question for real fans. Think you know the answer? Tap through and play the full free quiz on kpopquiz.org to find out. Hundreds of fan-made K-pop quizzes, no signup, always free.","https://kpopquiz.org/dreamcatcher-quiz?utm_source=pinterest&utm_medium=pin&utm_campaign=q36","2026-08-07T08:00:00","dreamcatcher, kpop quiz, kpop trivia, dreamcatcher quiz, dreamcatcher fan, kpop game, kpop challenge"
"Only real K-pop fans get this","https://rdkgouofytwfdpbxbzio.supabase.co/storage/v1/object/public/pinterest-question-pins/q-general-kpop-37.png","K-pop Quizzes","","A K-pop question for real fans. Think you know the answer? Tap through and play the full free quiz on kpopquiz.org to find out. Hundreds of fan-made K-pop quizzes, no signup, always free.","https://kpopquiz.org?utm_source=pinterest&utm_medium=pin&utm_campaign=q37","2026-08-07T09:00:00","kpop, kpop quiz, kpop trivia, kpop fan, kpop game, kpop challenge"
"Only real ATEEZ fans get this","https://rdkgouofytwfdpbxbzio.supabase.co/storage/v1/object/public/pinterest-question-pins/q-ateez-38.png","ATEEZ Quizzes","","A ATEEZ question for real fans. Think you know the answer? Tap through and play the full free quiz on kpopquiz.org to find out. Hundreds of fan-made K-pop quizzes, no signup, always free.","https://kpopquiz.org/ateez-quiz?utm_source=pinterest&utm_medium=pin&utm_campaign=q38","2026-08-07T10:00:00","ateez, kpop quiz, kpop trivia, ateez quiz, ateez fan, kpop game, kpop challenge"
"Test your Stray Kids knowledge","https://rdkgouofytwfdpbxbzio.supabase.co/storage/v1/object/public/pinterest-question-pins/q-stray-kids-39.png","Stray Kids Quizzes","","A Stray Kids question for real fans. Think you know the answer? Tap through and play the full free quiz on kpopquiz.org to find out. Hundreds of fan-made K-pop quizzes, no signup, always free.","https://kpopquiz.org/stray-kids-quiz?utm_source=pinterest&utm_medium=pin&utm_campaign=q39","2026-08-07T11:00:00","stray kids, kpop quiz, kpop trivia, stray kids quiz, stray kids fan, kpop game, kpop challenge"
"BTS trivia: do you know the answer?","https://rdkgouofytwfdpbxbzio.supabase.co/storage/v1/object/public/pinterest-question-pins/q-bts-40.png","BTS Quizzes","","A BTS question for real fans. Think you know the answer? Tap through and play the full free quiz on kpopquiz.org to find out. Hundreds of fan-made K-pop quizzes, no signup, always free.","https://kpopquiz.org/bts-quiz?utm_source=pinterest&utm_medium=pin&utm_campaign=q40","2026-08-07T12:00:00","bts, kpop quiz, kpop trivia, bts quiz, bts fan, kpop game, kpop challenge"
"Can you pass this BLACKPINK question?","https://rdkgouofytwfdpbxbzio.supabase.co/storage/v1/object/public/pinterest-question-pins/q-blackpink-41.png","BLACKPINK Quizzes","","A BLACKPINK question for real fans. Think you know the answer? Tap through and play the full free quiz on kpopquiz.org to find out. Hundreds of fan-made K-pop quizzes, no signup, always free.","https://kpopquiz.org/blackpink-quiz?utm_source=pinterest&utm_medium=pin&utm_campaign=q41","2026-08-07T13:00:00","blackpink, kpop quiz, kpop trivia, blackpink quiz, blackpink fan, kpop game, kpop challenge"
"How well do you know aespa?","https://rdkgouofytwfdpbxbzio.supabase.co/storage/v1/object/public/pinterest-question-pins/q-aespa-42.png","aespa Quizzes","","A aespa question for real fans. Think you know the answer? Tap through and play the full free quiz on kpopquiz.org to find out. Hundreds of fan-made K-pop quizzes, no signup, always free.","https://kpopquiz.org/aespa-quiz?utm_source=pinterest&utm_medium=pin&utm_campaign=q42","2026-08-07T14:00:00","aespa, kpop quiz, kpop trivia, aespa quiz, aespa fan, kpop game, kpop challenge"
"TWICE quiz: can you get this one right?","https://rdkgouofytwfdpbxbzio.supabase.co/storage/v1/object/public/pinterest-question-pins/q-twice-43.png","TWICE Quizzes","","A TWICE question for real fans. Think you know the answer? Tap through and play the full free quiz on kpopquiz.org to find out. Hundreds of fan-made K-pop quizzes, no signup, always free.","https://kpopquiz.org/twice-quiz?utm_source=pinterest&utm_medium=pin&utm_campaign=q43","2026-08-07T15:00:00","twice, kpop quiz, kpop trivia, twice quiz, twice fan, kpop game, kpop challenge"
"Only real SEVENTEEN fans get this","https://rdkgouofytwfdpbxbzio.supabase.co/storage/v1/object/public/pinterest-question-pins/q-seventeen-44.png","SEVENTEEN Quizzes","","A SEVENTEEN question for real fans. Think you know the answer? Tap through and play the full free quiz on kpopquiz.org to find out. Hundreds of fan-made K-pop quizzes, no signup, always free.","https://kpopquiz.org/seventeen-quiz?utm_source=pinterest&utm_medium=pin&utm_campaign=q44","2026-08-07T16:00:00","seventeen, kpop quiz, kpop trivia, seventeen quiz, seventeen fan, kpop game, kpop challenge"
"Test your NewJeans knowledge","https://rdkgouofytwfdpbxbzio.supabase.co/storage/v1/object/public/pinterest-question-pins/q-newjeans-45.png","NewJeans Quizzes","","A NewJeans question for real fans. Think you know the answer? Tap through and play the full free quiz on kpopquiz.org to find out. Hundreds of fan-made K-pop quizzes, no signup, always free.","https://kpopquiz.org/newjeans-quiz?utm_source=pinterest&utm_medium=pin&utm_campaign=q45","2026-08-07T17:00:00","newjeans, kpop quiz, kpop trivia, newjeans quiz, newjeans fan, kpop game, kpop challenge"
"LOONA trivia: do you know the answer?","https://rdkgouofytwfdpbxbzio.supabase.co/storage/v1/object/public/pinterest-question-pins/q-loona-46.png","K-pop Quizzes","","A LOONA question for real fans. Think you know the answer? Tap through and play the full free quiz on kpopquiz.org to find out. Hundreds of fan-made K-pop quizzes, no signup, always free.","https://kpopquiz.org/loona-quiz?utm_source=pinterest&utm_medium=pin&utm_campaign=q46","2026-08-07T18:00:00","loona, kpop quiz, kpop trivia, loona quiz, loona fan, kpop game, kpop challenge"
"Can you pass this EXO question?","https://rdkgouofytwfdpbxbzio.supabase.co/storage/v1/object/public/pinterest-question-pins/q-exo-47.png","EXO Quizzes","","A EXO question for real fans. Think you know the answer? Tap through and play the full free quiz on kpopquiz.org to find out. Hundreds of fan-made K-pop quizzes, no signup, always free.","https://kpopquiz.org/exo-quiz?utm_source=pinterest&utm_medium=pin&utm_campaign=q47","2026-08-07T19:00:00","exo, kpop quiz, kpop trivia, exo quiz, exo fan, kpop game, kpop challenge"
"How well do you know IVE?","https://rdkgouofytwfdpbxbzio.supabase.co/storage/v1/object/public/pinterest-question-pins/q-ive-48.png","IVE Quizzes","","A IVE question for real fans. Think you know the answer? Tap through and play the full free quiz on kpopquiz.org to find out. Hundreds of fan-made K-pop quizzes, no signup, always free.","https://kpopquiz.org/ive-quiz?utm_source=pinterest&utm_medium=pin&utm_campaign=q48","2026-08-08T08:00:00","ive, kpop quiz, kpop trivia, ive quiz, ive fan, kpop game, kpop challenge"
"(G)I-DLE quiz: can you get this one right?","https://rdkgouofytwfdpbxbzio.supabase.co/storage/v1/object/public/pinterest-question-pins/q-g-i-dle-49.png","(G)I-DLE Quizzes","","A (G)I-DLE question for real fans. Think you know the answer? Tap through and play the full free quiz on kpopquiz.org to find out. Hundreds of fan-made K-pop quizzes, no signup, always free.","https://kpopquiz.org/g-i-dle-quiz?utm_source=pinterest&utm_medium=pin&utm_campaign=q49","2026-08-08T09:00:00","(g)i-dle, kpop quiz, kpop trivia, (g)i-dle quiz, (g)i-dle fan, kpop game, kpop challenge"
"Only real TXT fans get this","https://rdkgouofytwfdpbxbzio.supabase.co/storage/v1/object/public/pinterest-question-pins/q-txt-50.png","TXT Quizzes","","A TXT question for real fans. Think you know the answer? Tap through and play the full free quiz on kpopquiz.org to find out. Hundreds of fan-made K-pop quizzes, no signup, always free.","https://kpopquiz.org/txt-quiz?utm_source=pinterest&utm_medium=pin&utm_campaign=q50","2026-08-08T10:00:00","txt, kpop quiz, kpop trivia, txt quiz, txt fan, kpop game, kpop challenge"
"Test your Red Velvet knowledge","https://rdkgouofytwfdpbxbzio.supabase.co/storage/v1/object/public/pinterest-question-pins/q-red-velvet-51.png","Red Velvet Quizzes","","A Red Velvet question for real fans. Think you know the answer? Tap through and play the full free quiz on kpopquiz.org to find out. Hundreds of fan-made K-pop quizzes, no signup, always free.","https://kpopquiz.org/red-velvet-quiz?utm_source=pinterest&utm_medium=pin&utm_campaign=q51","2026-08-08T11:00:00","red velvet, kpop quiz, kpop trivia, red velvet quiz, red velvet fan, kpop game, kpop challenge"
"ITZY trivia: do you know the answer?","https://rdkgouofytwfdpbxbzio.supabase.co/storage/v1/object/public/pinterest-question-pins/q-itzy-52.png","ITZY Quizzes","","A ITZY question for real fans. Think you know the answer? Tap through and play the full free quiz on kpopquiz.org to find out. Hundreds of fan-made K-pop quizzes, no signup, always free.","https://kpopquiz.org/itzy-quiz?utm_source=pinterest&utm_medium=pin&utm_campaign=q52","2026-08-08T12:00:00","itzy, kpop quiz, kpop trivia, itzy quiz, itzy fan, kpop game, kpop challenge"
"Can you pass this ILLIT question?","https://rdkgouofytwfdpbxbzio.supabase.co/storage/v1/object/public/pinterest-question-pins/q-illit-53.png","K-pop Quizzes","","A ILLIT question for real fans. Think you know the answer? Tap through and play the full free quiz on kpopquiz.org to find out. Hundreds of fan-made K-pop quizzes, no signup, always free.","https://kpopquiz.org/illit-quiz?utm_source=pinterest&utm_medium=pin&utm_campaign=q53","2026-08-08T13:00:00","illit, kpop quiz, kpop trivia, illit quiz, illit fan, kpop game, kpop challenge"
"How well do you know ENHYPEN?","https://rdkgouofytwfdpbxbzio.supabase.co/storage/v1/object/public/pinterest-question-pins/q-enhypen-54.png","ENHYPEN Quizzes","","A ENHYPEN question for real fans. Think you know the answer? Tap through and play the full free quiz on kpopquiz.org to find out. Hundreds of fan-made K-pop quizzes, no signup, always free.","https://kpopquiz.org/enhypen-quiz?utm_source=pinterest&utm_medium=pin&utm_campaign=q54","2026-08-08T14:00:00","enhypen, kpop quiz, kpop trivia, enhypen quiz, enhypen fan, kpop game, kpop challenge"
"SHINee quiz: can you get this one right?","https://rdkgouofytwfdpbxbzio.supabase.co/storage/v1/object/public/pinterest-question-pins/q-shinee-55.png","K-pop Quizzes","","A SHINee question for real fans. Think you know the answer? Tap through and play the full free quiz on kpopquiz.org to find out. Hundreds of fan-made K-pop quizzes, no signup, always free.","https://kpopquiz.org/shinee-quiz?utm_source=pinterest&utm_medium=pin&utm_campaign=q55","2026-08-08T15:00:00","shinee, kpop quiz, kpop trivia, shinee quiz, shinee fan, kpop game, kpop challenge"
"Only real KickFlip fans get this","https://rdkgouofytwfdpbxbzio.supabase.co/storage/v1/object/public/pinterest-question-pins/q-kickflip-56.png","K-pop Quizzes","","A KickFlip question for real fans. Think you know the answer? Tap through and play the full free quiz on kpopquiz.org to find out. Hundreds of fan-made K-pop quizzes, no signup, always free.","https://kpopquiz.org/kickflip-quiz?utm_source=pinterest&utm_medium=pin&utm_campaign=q56","2026-08-08T16:00:00","kickflip, kpop quiz, kpop trivia, kickflip quiz, kickflip fan, kpop game, kpop challenge"
"Test your Cortis knowledge","https://rdkgouofytwfdpbxbzio.supabase.co/storage/v1/object/public/pinterest-question-pins/q-cortis-57.png","K-pop Quizzes","","A Cortis question for real fans. Think you know the answer? Tap through and play the full free quiz on kpopquiz.org to find out. Hundreds of fan-made K-pop quizzes, no signup, always free.","https://kpopquiz.org/cortis-quiz?utm_source=pinterest&utm_medium=pin&utm_campaign=q57","2026-08-08T17:00:00","cortis, kpop quiz, kpop trivia, cortis quiz, cortis fan, kpop game, kpop challenge"
"ARTMS trivia: do you know the answer?","https://rdkgouofytwfdpbxbzio.supabase.co/storage/v1/object/public/pinterest-question-pins/q-artms-58.png","K-pop Quizzes","","A ARTMS question for real fans. Think you know the answer? Tap through and play the full free quiz on kpopquiz.org to find out. Hundreds of fan-made K-pop quizzes, no signup, always free.","https://kpopquiz.org/artms-quiz?utm_source=pinterest&utm_medium=pin&utm_campaign=q58","2026-08-08T18:00:00","artms, kpop quiz, kpop trivia, artms quiz, artms fan, kpop game, kpop challenge"
"Can you pass this LE SSERAFIM question?","https://rdkgouofytwfdpbxbzio.supabase.co/storage/v1/object/public/pinterest-question-pins/q-le-sserafim-59.png","LE SSERAFIM Quizzes","","A LE SSERAFIM question for real fans. Think you know the answer? Tap through and play the full free quiz on kpopquiz.org to find out. Hundreds of fan-made K-pop quizzes, no signup, always free.","https://kpopquiz.org/le-sserafim-quiz?utm_source=pinterest&utm_medium=pin&utm_campaign=q59","2026-08-08T19:00:00","le sserafim, kpop quiz, kpop trivia, le sserafim quiz, le sserafim fan, kpop game, kpop challenge"
"How well do you know NCT?","https://rdkgouofytwfdpbxbzio.supabase.co/storage/v1/object/public/pinterest-question-pins/q-nct-60.png","NCT Quizzes","","A NCT question for real fans. Think you know the answer? Tap through and play the full free quiz on kpopquiz.org to find out. Hundreds of fan-made K-pop quizzes, no signup, always free.","https://kpopquiz.org/nct-quiz?utm_source=pinterest&utm_medium=pin&utm_campaign=q60","2026-08-09T08:00:00","nct, kpop quiz, kpop trivia, nct quiz, nct fan, kpop game, kpop challenge"
"GOT7 quiz: can you get this one right?","https://rdkgouofytwfdpbxbzio.supabase.co/storage/v1/object/public/pinterest-question-pins/q-got7-61.png","K-pop Quizzes","","A GOT7 question for real fans. Think you know the answer? Tap through and play the full free quiz on kpopquiz.org to find out. Hundreds of fan-made K-pop quizzes, no signup, always free.","https://kpopquiz.org/got7-quiz?utm_source=pinterest&utm_medium=pin&utm_campaign=q61","2026-08-09T09:00:00","got7, kpop quiz, kpop trivia, got7 quiz, got7 fan, kpop game, kpop challenge"
"Only real Loossemble fans get this","https://rdkgouofytwfdpbxbzio.supabase.co/storage/v1/object/public/pinterest-question-pins/q-loossemble-62.png","K-pop Quizzes","","A Loossemble question for real fans. Think you know the answer? Tap through and play the full free quiz on kpopquiz.org to find out. Hundreds of fan-made K-pop quizzes, no signup, always free.","https://kpopquiz.org/loossemble-quiz?utm_source=pinterest&utm_medium=pin&utm_campaign=q62","2026-08-09T10:00:00","loossemble, kpop quiz, kpop trivia, loossemble quiz, loossemble fan, kpop game, kpop challenge"
"Test your MAMAMOO knowledge","https://rdkgouofytwfdpbxbzio.supabase.co/storage/v1/object/public/pinterest-question-pins/q-mamamoo-63.png","K-pop Quizzes","","A MAMAMOO question for real fans. Think you know the answer? Tap through and play the full free quiz on kpopquiz.org to find out. Hundreds of fan-made K-pop quizzes, no signup, always free.","https://kpopquiz.org/mamamoo-quiz?utm_source=pinterest&utm_medium=pin&utm_campaign=q63","2026-08-09T11:00:00","mamamoo, kpop quiz, kpop trivia, mamamoo quiz, mamamoo fan, kpop game, kpop challenge"
"BABYMONSTER trivia: do you know the answer?","https://rdkgouofytwfdpbxbzio.supabase.co/storage/v1/object/public/pinterest-question-pins/q-babymonster-64.png","K-pop Quizzes","","A BABYMONSTER question for real fans. Think you know the answer? Tap through and play the full free quiz on kpopquiz.org to find out. Hundreds of fan-made K-pop quizzes, no signup, always free.","https://kpopquiz.org/babymonster-quiz?utm_source=pinterest&utm_medium=pin&utm_campaign=q64","2026-08-09T12:00:00","babymonster, kpop quiz, kpop trivia, babymonster quiz, babymonster fan, kpop game, kpop challenge"
"Can you pass this MONSTA X question?","https://rdkgouofytwfdpbxbzio.supabase.co/storage/v1/object/public/pinterest-question-pins/q-monsta-x-65.png","K-pop Quizzes","","A MONSTA X question for real fans. Think you know the answer? Tap through and play the full free quiz on kpopquiz.org to find out. Hundreds of fan-made K-pop quizzes, no signup, always free.","https://kpopquiz.org/monsta-x-quiz?utm_source=pinterest&utm_medium=pin&utm_campaign=q65","2026-08-09T13:00:00","monsta x, kpop quiz, kpop trivia, monsta x quiz, monsta x fan, kpop game, kpop challenge"
"How well do you know XIKERS?","https://rdkgouofytwfdpbxbzio.supabase.co/storage/v1/object/public/pinterest-question-pins/q-xikers-66.png","K-pop Quizzes","","A XIKERS question for real fans. Think you know the answer? Tap through and play the full free quiz on kpopquiz.org to find out. Hundreds of fan-made K-pop quizzes, no signup, always free.","https://kpopquiz.org/xikers-quiz?utm_source=pinterest&utm_medium=pin&utm_campaign=q66","2026-08-09T14:00:00","xikers, kpop quiz, kpop trivia, xikers quiz, xikers fan, kpop game, kpop challenge"
"ASTRO quiz: can you get this one right?","https://rdkgouofytwfdpbxbzio.supabase.co/storage/v1/object/public/pinterest-question-pins/q-astro-67.png","K-pop Quizzes","","A ASTRO question for real fans. Think you know the answer? Tap through and play the full free quiz on kpopquiz.org to find out. Hundreds of fan-made K-pop quizzes, no signup, always free.","https://kpopquiz.org/astro-quiz?utm_source=pinterest&utm_medium=pin&utm_campaign=q67","2026-08-09T15:00:00","astro, kpop quiz, kpop trivia, astro quiz, astro fan, kpop game, kpop challenge"
"Only real TREASURE fans get this","https://rdkgouofytwfdpbxbzio.supabase.co/storage/v1/object/public/pinterest-question-pins/q-treasure-68.png","K-pop Quizzes","","A TREASURE question for real fans. Think you know the answer? Tap through and play the full free quiz on kpopquiz.org to find out. Hundreds of fan-made K-pop quizzes, no signup, always free.","https://kpopquiz.org/treasure-quiz?utm_source=pinterest&utm_medium=pin&utm_campaign=q68","2026-08-09T16:00:00","treasure, kpop quiz, kpop trivia, treasure quiz, treasure fan, kpop game, kpop challenge"
"Test your AKMU knowledge","https://rdkgouofytwfdpbxbzio.supabase.co/storage/v1/object/public/pinterest-question-pins/q-akmu-69.png","K-pop Quizzes","","A AKMU question for real fans. Think you know the answer? Tap through and play the full free quiz on kpopquiz.org to find out. Hundreds of fan-made K-pop quizzes, no signup, always free.","https://kpopquiz.org/akmu-quiz?utm_source=pinterest&utm_medium=pin&utm_campaign=q69","2026-08-09T17:00:00","akmu, kpop quiz, kpop trivia, akmu quiz, akmu fan, kpop game, kpop challenge"
"TWS trivia: do you know the answer?","https://rdkgouofytwfdpbxbzio.supabase.co/storage/v1/object/public/pinterest-question-pins/q-tws-70.png","K-pop Quizzes","","A TWS question for real fans. Think you know the answer? Tap through and play the full free quiz on kpopquiz.org to find out. Hundreds of fan-made K-pop quizzes, no signup, always free.","https://kpopquiz.org/tws-quiz?utm_source=pinterest&utm_medium=pin&utm_campaign=q70","2026-08-09T18:00:00","tws, kpop quiz, kpop trivia, tws quiz, tws fan, kpop game, kpop challenge"
"Can you pass this BIGBANG question?","https://rdkgouofytwfdpbxbzio.supabase.co/storage/v1/object/public/pinterest-question-pins/q-bigbang-71.png","K-pop Quizzes","","A BIGBANG question for real fans. Think you know the answer? Tap through and play the full free quiz on kpopquiz.org to find out. Hundreds of fan-made K-pop quizzes, no signup, always free.","https://kpopquiz.org/bigbang-quiz?utm_source=pinterest&utm_medium=pin&utm_campaign=q71","2026-08-09T19:00:00","bigbang, kpop quiz, kpop trivia, bigbang quiz, bigbang fan, kpop game, kpop challenge"
"How well do you know NMIXX?","https://rdkgouofytwfdpbxbzio.supabase.co/storage/v1/object/public/pinterest-question-pins/q-nmixx-72.png","K-pop Quizzes","","A NMIXX question for real fans. Think you know the answer? Tap through and play the full free quiz on kpopquiz.org to find out. Hundreds of fan-made K-pop quizzes, no signup, always free.","https://kpopquiz.org/nmixx-quiz?utm_source=pinterest&utm_medium=pin&utm_campaign=q72","2026-08-10T08:00:00","nmixx, kpop quiz, kpop trivia, nmixx quiz, nmixx fan, kpop game, kpop challenge"
"Dreamcatcher quiz: can you get this one right?","https://rdkgouofytwfdpbxbzio.supabase.co/storage/v1/object/public/pinterest-question-pins/q-dreamcatcher-73.png","K-pop Quizzes","","A Dreamcatcher question for real fans. Think you know the answer? Tap through and play the full free quiz on kpopquiz.org to find out. Hundreds of fan-made K-pop quizzes, no signup, always free.","https://kpopquiz.org/dreamcatcher-quiz?utm_source=pinterest&utm_medium=pin&utm_campaign=q73","2026-08-10T09:00:00","dreamcatcher, kpop quiz, kpop trivia, dreamcatcher quiz, dreamcatcher fan, kpop game, kpop challenge"
"K-pop trivia: do you know the answer?","https://rdkgouofytwfdpbxbzio.supabase.co/storage/v1/object/public/pinterest-question-pins/q-general-kpop-74.png","K-pop Quizzes","","A K-pop question for real fans. Think you know the answer? Tap through and play the full free quiz on kpopquiz.org to find out. Hundreds of fan-made K-pop quizzes, no signup, always free.","https://kpopquiz.org?utm_source=pinterest&utm_medium=pin&utm_campaign=q74","2026-08-10T10:00:00","kpop, kpop quiz, kpop trivia, kpop fan, kpop game, kpop challenge"
"Test your ATEEZ knowledge","https://rdkgouofytwfdpbxbzio.supabase.co/storage/v1/object/public/pinterest-question-pins/q-ateez-75.png","ATEEZ Quizzes","","A ATEEZ question for real fans. Think you know the answer? Tap through and play the full free quiz on kpopquiz.org to find out. Hundreds of fan-made K-pop quizzes, no signup, always free.","https://kpopquiz.org/ateez-quiz?utm_source=pinterest&utm_medium=pin&utm_campaign=q75","2026-08-10T11:00:00","ateez, kpop quiz, kpop trivia, ateez quiz, ateez fan, kpop game, kpop challenge"
"Stray Kids trivia: do you know the answer?","https://rdkgouofytwfdpbxbzio.supabase.co/storage/v1/object/public/pinterest-question-pins/q-stray-kids-76.png","Stray Kids Quizzes","","A Stray Kids question for real fans. Think you know the answer? Tap through and play the full free quiz on kpopquiz.org to find out. Hundreds of fan-made K-pop quizzes, no signup, always free.","https://kpopquiz.org/stray-kids-quiz?utm_source=pinterest&utm_medium=pin&utm_campaign=q76","2026-08-10T12:00:00","stray kids, kpop quiz, kpop trivia, stray kids quiz, stray kids fan, kpop game, kpop challenge"
"Can you pass this BTS question?","https://rdkgouofytwfdpbxbzio.supabase.co/storage/v1/object/public/pinterest-question-pins/q-bts-77.png","BTS Quizzes","","A BTS question for real fans. Think you know the answer? Tap through and play the full free quiz on kpopquiz.org to find out. Hundreds of fan-made K-pop quizzes, no signup, always free.","https://kpopquiz.org/bts-quiz?utm_source=pinterest&utm_medium=pin&utm_campaign=q77","2026-08-10T13:00:00","bts, kpop quiz, kpop trivia, bts quiz, bts fan, kpop game, kpop challenge"
"How well do you know BLACKPINK?","https://rdkgouofytwfdpbxbzio.supabase.co/storage/v1/object/public/pinterest-question-pins/q-blackpink-78.png","BLACKPINK Quizzes","","A BLACKPINK question for real fans. Think you know the answer? Tap through and play the full free quiz on kpopquiz.org to find out. Hundreds of fan-made K-pop quizzes, no signup, always free.","https://kpopquiz.org/blackpink-quiz?utm_source=pinterest&utm_medium=pin&utm_campaign=q78","2026-08-10T14:00:00","blackpink, kpop quiz, kpop trivia, blackpink quiz, blackpink fan, kpop game, kpop challenge"
"aespa quiz: can you get this one right?","https://rdkgouofytwfdpbxbzio.supabase.co/storage/v1/object/public/pinterest-question-pins/q-aespa-79.png","aespa Quizzes","","A aespa question for real fans. Think you know the answer? Tap through and play the full free quiz on kpopquiz.org to find out. Hundreds of fan-made K-pop quizzes, no signup, always free.","https://kpopquiz.org/aespa-quiz?utm_source=pinterest&utm_medium=pin&utm_campaign=q79","2026-08-10T15:00:00","aespa, kpop quiz, kpop trivia, aespa quiz, aespa fan, kpop game, kpop challenge"
"Only real TWICE fans get this","https://rdkgouofytwfdpbxbzio.supabase.co/storage/v1/object/public/pinterest-question-pins/q-twice-80.png","TWICE Quizzes","","A TWICE question for real fans. Think you know the answer? Tap through and play the full free quiz on kpopquiz.org to find out. Hundreds of fan-made K-pop quizzes, no signup, always free.","https://kpopquiz.org/twice-quiz?utm_source=pinterest&utm_medium=pin&utm_campaign=q80","2026-08-10T16:00:00","twice, kpop quiz, kpop trivia, twice quiz, twice fan, kpop game, kpop challenge"
"Test your SEVENTEEN knowledge","https://rdkgouofytwfdpbxbzio.supabase.co/storage/v1/object/public/pinterest-question-pins/q-seventeen-81.png","SEVENTEEN Quizzes","","A SEVENTEEN question for real fans. Think you know the answer? Tap through and play the full free quiz on kpopquiz.org to find out. Hundreds of fan-made K-pop quizzes, no signup, always free.","https://kpopquiz.org/seventeen-quiz?utm_source=pinterest&utm_medium=pin&utm_campaign=q81","2026-08-10T17:00:00","seventeen, kpop quiz, kpop trivia, seventeen quiz, seventeen fan, kpop game, kpop challenge"
"NewJeans trivia: do you know the answer?","https://rdkgouofytwfdpbxbzio.supabase.co/storage/v1/object/public/pinterest-question-pins/q-newjeans-82.png","NewJeans Quizzes","","A NewJeans question for real fans. Think you know the answer? Tap through and play the full free quiz on kpopquiz.org to find out. Hundreds of fan-made K-pop quizzes, no signup, always free.","https://kpopquiz.org/newjeans-quiz?utm_source=pinterest&utm_medium=pin&utm_campaign=q82","2026-08-10T18:00:00","newjeans, kpop quiz, kpop trivia, newjeans quiz, newjeans fan, kpop game, kpop challenge"
"Can you pass this LOONA question?","https://rdkgouofytwfdpbxbzio.supabase.co/storage/v1/object/public/pinterest-question-pins/q-loona-83.png","K-pop Quizzes","","A LOONA question for real fans. Think you know the answer? Tap through and play the full free quiz on kpopquiz.org to find out. Hundreds of fan-made K-pop quizzes, no signup, always free.","https://kpopquiz.org/loona-quiz?utm_source=pinterest&utm_medium=pin&utm_campaign=q83","2026-08-10T19:00:00","loona, kpop quiz, kpop trivia, loona quiz, loona fan, kpop game, kpop challenge"
"How well do you know EXO?","https://rdkgouofytwfdpbxbzio.supabase.co/storage/v1/object/public/pinterest-question-pins/q-exo-84.png","EXO Quizzes","","A EXO question for real fans. Think you know the answer? Tap through and play the full free quiz on kpopquiz.org to find out. Hundreds of fan-made K-pop quizzes, no signup, always free.","https://kpopquiz.org/exo-quiz?utm_source=pinterest&utm_medium=pin&utm_campaign=q84","2026-08-11T08:00:00","exo, kpop quiz, kpop trivia, exo quiz, exo fan, kpop game, kpop challenge"
"IVE quiz: can you get this one right?","https://rdkgouofytwfdpbxbzio.supabase.co/storage/v1/object/public/pinterest-question-pins/q-ive-85.png","IVE Quizzes","","A IVE question for real fans. Think you know the answer? Tap through and play the full free quiz on kpopquiz.org to find out. Hundreds of fan-made K-pop quizzes, no signup, always free.","https://kpopquiz.org/ive-quiz?utm_source=pinterest&utm_medium=pin&utm_campaign=q85","2026-08-11T09:00:00","ive, kpop quiz, kpop trivia, ive quiz, ive fan, kpop game, kpop challenge"
"Only real (G)I-DLE fans get this","https://rdkgouofytwfdpbxbzio.supabase.co/storage/v1/object/public/pinterest-question-pins/q-g-i-dle-86.png","(G)I-DLE Quizzes","","A (G)I-DLE question for real fans. Think you know the answer? Tap through and play the full free quiz on kpopquiz.org to find out. Hundreds of fan-made K-pop quizzes, no signup, always free.","https://kpopquiz.org/g-i-dle-quiz?utm_source=pinterest&utm_medium=pin&utm_campaign=q86","2026-08-11T10:00:00","(g)i-dle, kpop quiz, kpop trivia, (g)i-dle quiz, (g)i-dle fan, kpop game, kpop challenge"
"Test your TXT knowledge","https://rdkgouofytwfdpbxbzio.supabase.co/storage/v1/object/public/pinterest-question-pins/q-txt-87.png","TXT Quizzes","","A TXT question for real fans. Think you know the answer? Tap through and play the full free quiz on kpopquiz.org to find out. Hundreds of fan-made K-pop quizzes, no signup, always free.","https://kpopquiz.org/txt-quiz?utm_source=pinterest&utm_medium=pin&utm_campaign=q87","2026-08-11T11:00:00","txt, kpop quiz, kpop trivia, txt quiz, txt fan, kpop game, kpop challenge"
"Red Velvet trivia: do you know the answer?","https://rdkgouofytwfdpbxbzio.supabase.co/storage/v1/object/public/pinterest-question-pins/q-red-velvet-88.png","Red Velvet Quizzes","","A Red Velvet question for real fans. Think you know the answer? Tap through and play the full free quiz on kpopquiz.org to find out. Hundreds of fan-made K-pop quizzes, no signup, always free.","https://kpopquiz.org/red-velvet-quiz?utm_source=pinterest&utm_medium=pin&utm_campaign=q88","2026-08-11T12:00:00","red velvet, kpop quiz, kpop trivia, red velvet quiz, red velvet fan, kpop game, kpop challenge"
"Can you pass this ITZY question?","https://rdkgouofytwfdpbxbzio.supabase.co/storage/v1/object/public/pinterest-question-pins/q-itzy-89.png","ITZY Quizzes","","A ITZY question for real fans. Think you know the answer? Tap through and play the full free quiz on kpopquiz.org to find out. Hundreds of fan-made K-pop quizzes, no signup, always free.","https://kpopquiz.org/itzy-quiz?utm_source=pinterest&utm_medium=pin&utm_campaign=q89","2026-08-11T13:00:00","itzy, kpop quiz, kpop trivia, itzy quiz, itzy fan, kpop game, kpop challenge"
"How well do you know ILLIT?","https://rdkgouofytwfdpbxbzio.supabase.co/storage/v1/object/public/pinterest-question-pins/q-illit-90.png","K-pop Quizzes","","A ILLIT question for real fans. Think you know the answer? Tap through and play the full free quiz on kpopquiz.org to find out. Hundreds of fan-made K-pop quizzes, no signup, always free.","https://kpopquiz.org/illit-quiz?utm_source=pinterest&utm_medium=pin&utm_campaign=q90","2026-08-11T14:00:00","illit, kpop quiz, kpop trivia, illit quiz, illit fan, kpop game, kpop challenge"
"ENHYPEN quiz: can you get this one right?","https://rdkgouofytwfdpbxbzio.supabase.co/storage/v1/object/public/pinterest-question-pins/q-enhypen-91.png","ENHYPEN Quizzes","","A ENHYPEN question for real fans. Think you know the answer? Tap through and play the full free quiz on kpopquiz.org to find out. Hundreds of fan-made K-pop quizzes, no signup, always free.","https://kpopquiz.org/enhypen-quiz?utm_source=pinterest&utm_medium=pin&utm_campaign=q91","2026-08-11T15:00:00","enhypen, kpop quiz, kpop trivia, enhypen quiz, enhypen fan, kpop game, kpop challenge"
"Only real SHINee fans get this","https://rdkgouofytwfdpbxbzio.supabase.co/storage/v1/object/public/pinterest-question-pins/q-shinee-92.png","K-pop Quizzes","","A SHINee question for real fans. Think you know the answer? Tap through and play the full free quiz on kpopquiz.org to find out. Hundreds of fan-made K-pop quizzes, no signup, always free.","https://kpopquiz.org/shinee-quiz?utm_source=pinterest&utm_medium=pin&utm_campaign=q92","2026-08-11T16:00:00","shinee, kpop quiz, kpop trivia, shinee quiz, shinee fan, kpop game, kpop challenge"
"Test your KickFlip knowledge","https://rdkgouofytwfdpbxbzio.supabase.co/storage/v1/object/public/pinterest-question-pins/q-kickflip-93.png","K-pop Quizzes","","A KickFlip question for real fans. Think you know the answer? Tap through and play the full free quiz on kpopquiz.org to find out. Hundreds of fan-made K-pop quizzes, no signup, always free.","https://kpopquiz.org/kickflip-quiz?utm_source=pinterest&utm_medium=pin&utm_campaign=q93","2026-08-11T17:00:00","kickflip, kpop quiz, kpop trivia, kickflip quiz, kickflip fan, kpop game, kpop challenge"
"Cortis trivia: do you know the answer?","https://rdkgouofytwfdpbxbzio.supabase.co/storage/v1/object/public/pinterest-question-pins/q-cortis-94.png","K-pop Quizzes","","A Cortis question for real fans. Think you know the answer? Tap through and play the full free quiz on kpopquiz.org to find out. Hundreds of fan-made K-pop quizzes, no signup, always free.","https://kpopquiz.org/cortis-quiz?utm_source=pinterest&utm_medium=pin&utm_campaign=q94","2026-08-11T18:00:00","cortis, kpop quiz, kpop trivia, cortis quiz, cortis fan, kpop game, kpop challenge"
"Can you pass this ARTMS question?","https://rdkgouofytwfdpbxbzio.supabase.co/storage/v1/object/public/pinterest-question-pins/q-artms-95.png","K-pop Quizzes","","A ARTMS question for real fans. Think you know the answer? Tap through and play the full free quiz on kpopquiz.org to find out. Hundreds of fan-made K-pop quizzes, no signup, always free.","https://kpopquiz.org/artms-quiz?utm_source=pinterest&utm_medium=pin&utm_campaign=q95","2026-08-11T19:00:00","artms, kpop quiz, kpop trivia, artms quiz, artms fan, kpop game, kpop challenge"
"How well do you know LE SSERAFIM?","https://rdkgouofytwfdpbxbzio.supabase.co/storage/v1/object/public/pinterest-question-pins/q-le-sserafim-96.png","LE SSERAFIM Quizzes","","A LE SSERAFIM question for real fans. Think you know the answer? Tap through and play the full free quiz on kpopquiz.org to find out. Hundreds of fan-made K-pop quizzes, no signup, always free.","https://kpopquiz.org/le-sserafim-quiz?utm_source=pinterest&utm_medium=pin&utm_campaign=q96","2026-08-12T08:00:00","le sserafim, kpop quiz, kpop trivia, le sserafim quiz, le sserafim fan, kpop game, kpop challenge"
"NCT quiz: can you get this one right?","https://rdkgouofytwfdpbxbzio.supabase.co/storage/v1/object/public/pinterest-question-pins/q-nct-97.png","NCT Quizzes","","A NCT question for real fans. Think you know the answer? Tap through and play the full free quiz on kpopquiz.org to find out. Hundreds of fan-made K-pop quizzes, no signup, always free.","https://kpopquiz.org/nct-quiz?utm_source=pinterest&utm_medium=pin&utm_campaign=q97","2026-08-12T09:00:00","nct, kpop quiz, kpop trivia, nct quiz, nct fan, kpop game, kpop challenge"
"Only real GOT7 fans get this","https://rdkgouofytwfdpbxbzio.supabase.co/storage/v1/object/public/pinterest-question-pins/q-got7-98.png","K-pop Quizzes","","A GOT7 question for real fans. Think you know the answer? Tap through and play the full free quiz on kpopquiz.org to find out. Hundreds of fan-made K-pop quizzes, no signup, always free.","https://kpopquiz.org/got7-quiz?utm_source=pinterest&utm_medium=pin&utm_campaign=q98","2026-08-12T10:00:00","got7, kpop quiz, kpop trivia, got7 quiz, got7 fan, kpop game, kpop challenge"
"Test your Loossemble knowledge","https://rdkgouofytwfdpbxbzio.supabase.co/storage/v1/object/public/pinterest-question-pins/q-loossemble-99.png","K-pop Quizzes","","A Loossemble question for real fans. Think you know the answer? Tap through and play the full free quiz on kpopquiz.org to find out. Hundreds of fan-made K-pop quizzes, no signup, always free.","https://kpopquiz.org/loossemble-quiz?utm_source=pinterest&utm_medium=pin&utm_campaign=q99","2026-08-12T11:00:00","loossemble, kpop quiz, kpop trivia, loossemble quiz, loossemble fan, kpop game, kpop challenge"
"MAMAMOO trivia: do you know the answer?","https://rdkgouofytwfdpbxbzio.supabase.co/storage/v1/object/public/pinterest-question-pins/q-mamamoo-100.png","K-pop Quizzes","","A MAMAMOO question for real fans. Think you know the answer? Tap through and play the full free quiz on kpopquiz.org to find out. Hundreds of fan-made K-pop quizzes, no signup, always free.","https://kpopquiz.org/mamamoo-quiz?utm_source=pinterest&utm_medium=pin&utm_campaign=q100","2026-08-12T12:00:00","mamamoo, kpop quiz, kpop trivia, mamamoo quiz, mamamoo fan, kpop game, kpop challenge"
"Can you pass this BABYMONSTER question?","https://rdkgouofytwfdpbxbzio.supabase.co/storage/v1/object/public/pinterest-question-pins/q-babymonster-101.png","K-pop Quizzes","","A BABYMONSTER question for real fans. Think you know the answer? Tap through and play the full free quiz on kpopquiz.org to find out. Hundreds of fan-made K-pop quizzes, no signup, always free.","https://kpopquiz.org/babymonster-quiz?utm_source=pinterest&utm_medium=pin&utm_campaign=q101","2026-08-12T13:00:00","babymonster, kpop quiz, kpop trivia, babymonster quiz, babymonster fan, kpop game, kpop challenge"
"How well do you know MONSTA X?","https://rdkgouofytwfdpbxbzio.supabase.co/storage/v1/object/public/pinterest-question-pins/q-monsta-x-102.png","K-pop Quizzes","","A MONSTA X question for real fans. Think you know the answer? Tap through and play the full free quiz on kpopquiz.org to find out. Hundreds of fan-made K-pop quizzes, no signup, always free.","https://kpopquiz.org/monsta-x-quiz?utm_source=pinterest&utm_medium=pin&utm_campaign=q102","2026-08-12T14:00:00","monsta x, kpop quiz, kpop trivia, monsta x quiz, monsta x fan, kpop game, kpop challenge"
"XIKERS quiz: can you get this one right?","https://rdkgouofytwfdpbxbzio.supabase.co/storage/v1/object/public/pinterest-question-pins/q-xikers-103.png","K-pop Quizzes","","A XIKERS question for real fans. Think you know the answer? Tap through and play the full free quiz on kpopquiz.org to find out. Hundreds of fan-made K-pop quizzes, no signup, always free.","https://kpopquiz.org/xikers-quiz?utm_source=pinterest&utm_medium=pin&utm_campaign=q103","2026-08-12T15:00:00","xikers, kpop quiz, kpop trivia, xikers quiz, xikers fan, kpop game, kpop challenge"
"Only real ASTRO fans get this","https://rdkgouofytwfdpbxbzio.supabase.co/storage/v1/object/public/pinterest-question-pins/q-astro-104.png","K-pop Quizzes","","A ASTRO question for real fans. Think you know the answer? Tap through and play the full free quiz on kpopquiz.org to find out. Hundreds of fan-made K-pop quizzes, no signup, always free.","https://kpopquiz.org/astro-quiz?utm_source=pinterest&utm_medium=pin&utm_campaign=q104","2026-08-12T16:00:00","astro, kpop quiz, kpop trivia, astro quiz, astro fan, kpop game, kpop challenge"
"Test your TREASURE knowledge","https://rdkgouofytwfdpbxbzio.supabase.co/storage/v1/object/public/pinterest-question-pins/q-treasure-105.png","K-pop Quizzes","","A TREASURE question for real fans. Think you know the answer? Tap through and play the full free quiz on kpopquiz.org to find out. Hundreds of fan-made K-pop quizzes, no signup, always free.","https://kpopquiz.org/treasure-quiz?utm_source=pinterest&utm_medium=pin&utm_campaign=q105","2026-08-12T17:00:00","treasure, kpop quiz, kpop trivia, treasure quiz, treasure fan, kpop game, kpop challenge"
"AKMU trivia: do you know the answer?","https://rdkgouofytwfdpbxbzio.supabase.co/storage/v1/object/public/pinterest-question-pins/q-akmu-106.png","K-pop Quizzes","","A AKMU question for real fans. Think you know the answer? Tap through and play the full free quiz on kpopquiz.org to find out. Hundreds of fan-made K-pop quizzes, no signup, always free.","https://kpopquiz.org/akmu-quiz?utm_source=pinterest&utm_medium=pin&utm_campaign=q106","2026-08-12T18:00:00","akmu, kpop quiz, kpop trivia, akmu quiz, akmu fan, kpop game, kpop challenge"
"Can you pass this TWS question?","https://rdkgouofytwfdpbxbzio.supabase.co/storage/v1/object/public/pinterest-question-pins/q-tws-107.png","K-pop Quizzes","","A TWS question for real fans. Think you know the answer? Tap through and play the full free quiz on kpopquiz.org to find out. Hundreds of fan-made K-pop quizzes, no signup, always free.","https://kpopquiz.org/tws-quiz?utm_source=pinterest&utm_medium=pin&utm_campaign=q107","2026-08-12T19:00:00","tws, kpop quiz, kpop trivia, tws quiz, tws fan, kpop game, kpop challenge"
"How well do you know BIGBANG?","https://rdkgouofytwfdpbxbzio.supabase.co/storage/v1/object/public/pinterest-question-pins/q-bigbang-108.png","K-pop Quizzes","","A BIGBANG question for real fans. Think you know the answer? Tap through and play the full free quiz on kpopquiz.org to find out. Hundreds of fan-made K-pop quizzes, no signup, always free.","https://kpopquiz.org/bigbang-quiz?utm_source=pinterest&utm_medium=pin&utm_campaign=q108","2026-08-13T08:00:00","bigbang, kpop quiz, kpop trivia, bigbang quiz, bigbang fan, kpop game, kpop challenge"
"NMIXX quiz: can you get this one right?","https://rdkgouofytwfdpbxbzio.supabase.co/storage/v1/object/public/pinterest-question-pins/q-nmixx-109.png","K-pop Quizzes","","A NMIXX question for real fans. Think you know the answer? Tap through and play the full free quiz on kpopquiz.org to find out. Hundreds of fan-made K-pop quizzes, no signup, always free.","https://kpopquiz.org/nmixx-quiz?utm_source=pinterest&utm_medium=pin&utm_campaign=q109","2026-08-13T09:00:00","nmixx, kpop quiz, kpop trivia, nmixx quiz, nmixx fan, kpop game, kpop challenge"
"Only real Dreamcatcher fans get this","https://rdkgouofytwfdpbxbzio.supabase.co/storage/v1/object/public/pinterest-question-pins/q-dreamcatcher-110.png","K-pop Quizzes","","A Dreamcatcher question for real fans. Think you know the answer? Tap through and play the full free quiz on kpopquiz.org to find out. Hundreds of fan-made K-pop quizzes, no signup, always free.","https://kpopquiz.org/dreamcatcher-quiz?utm_source=pinterest&utm_medium=pin&utm_campaign=q110","2026-08-13T10:00:00","dreamcatcher, kpop quiz, kpop trivia, dreamcatcher quiz, dreamcatcher fan, kpop game, kpop challenge"
"K-pop quiz: can you get this right?","https://rdkgouofytwfdpbxbzio.supabase.co/storage/v1/object/public/pinterest-question-pins/q-general-kpop-111.png","K-pop Quizzes","","A K-pop question for real fans. Think you know the answer? Tap through and play the full free quiz on kpopquiz.org to find out. Hundreds of fan-made K-pop quizzes, no signup, always free.","https://kpopquiz.org?utm_source=pinterest&utm_medium=pin&utm_campaign=q111","2026-08-13T11:00:00","kpop, kpop quiz, kpop trivia, kpop fan, kpop game, kpop challenge"
"ATEEZ trivia: do you know the answer?","https://rdkgouofytwfdpbxbzio.supabase.co/storage/v1/object/public/pinterest-question-pins/q-ateez-112.png","ATEEZ Quizzes","","A ATEEZ question for real fans. Think you know the answer? Tap through and play the full free quiz on kpopquiz.org to find out. Hundreds of fan-made K-pop quizzes, no signup, always free.","https://kpopquiz.org/ateez-quiz?utm_source=pinterest&utm_medium=pin&utm_campaign=q112","2026-08-13T12:00:00","ateez, kpop quiz, kpop trivia, ateez quiz, ateez fan, kpop game, kpop challenge"
"Can you pass this Stray Kids question?","https://rdkgouofytwfdpbxbzio.supabase.co/storage/v1/object/public/pinterest-question-pins/q-stray-kids-113.png","Stray Kids Quizzes","","A Stray Kids question for real fans. Think you know the answer? Tap through and play the full free quiz on kpopquiz.org to find out. Hundreds of fan-made K-pop quizzes, no signup, always free.","https://kpopquiz.org/stray-kids-quiz?utm_source=pinterest&utm_medium=pin&utm_campaign=q113","2026-08-13T13:00:00","stray kids, kpop quiz, kpop trivia, stray kids quiz, stray kids fan, kpop game, kpop challenge"
"How well do you know BTS?","https://rdkgouofytwfdpbxbzio.supabase.co/storage/v1/object/public/pinterest-question-pins/q-bts-114.png","BTS Quizzes","","A BTS question for real fans. Think you know the answer? Tap through and play the full free quiz on kpopquiz.org to find out. Hundreds of fan-made K-pop quizzes, no signup, always free.","https://kpopquiz.org/bts-quiz?utm_source=pinterest&utm_medium=pin&utm_campaign=q114","2026-08-13T14:00:00","bts, kpop quiz, kpop trivia, bts quiz, bts fan, kpop game, kpop challenge"
"BLACKPINK quiz: can you get this one right?","https://rdkgouofytwfdpbxbzio.supabase.co/storage/v1/object/public/pinterest-question-pins/q-blackpink-115.png","BLACKPINK Quizzes","","A BLACKPINK question for real fans. Think you know the answer? Tap through and play the full free quiz on kpopquiz.org to find out. Hundreds of fan-made K-pop quizzes, no signup, always free.","https://kpopquiz.org/blackpink-quiz?utm_source=pinterest&utm_medium=pin&utm_campaign=q115","2026-08-13T15:00:00","blackpink, kpop quiz, kpop trivia, blackpink quiz, blackpink fan, kpop game, kpop challenge"
"Only real aespa fans get this","https://rdkgouofytwfdpbxbzio.supabase.co/storage/v1/object/public/pinterest-question-pins/q-aespa-116.png","aespa Quizzes","","A aespa question for real fans. Think you know the answer? Tap through and play the full free quiz on kpopquiz.org to find out. Hundreds of fan-made K-pop quizzes, no signup, always free.","https://kpopquiz.org/aespa-quiz?utm_source=pinterest&utm_medium=pin&utm_campaign=q116","2026-08-13T16:00:00","aespa, kpop quiz, kpop trivia, aespa quiz, aespa fan, kpop game, kpop challenge"
"Test your TWICE knowledge","https://rdkgouofytwfdpbxbzio.supabase.co/storage/v1/object/public/pinterest-question-pins/q-twice-117.png","TWICE Quizzes","","A TWICE question for real fans. Think you know the answer? Tap through and play the full free quiz on kpopquiz.org to find out. Hundreds of fan-made K-pop quizzes, no signup, always free.","https://kpopquiz.org/twice-quiz?utm_source=pinterest&utm_medium=pin&utm_campaign=q117","2026-08-13T17:00:00","twice, kpop quiz, kpop trivia, twice quiz, twice fan, kpop game, kpop challenge"
"SEVENTEEN trivia: do you know the answer?","https://rdkgouofytwfdpbxbzio.supabase.co/storage/v1/object/public/pinterest-question-pins/q-seventeen-118.png","SEVENTEEN Quizzes","","A SEVENTEEN question for real fans. Think you know the answer? Tap through and play the full free quiz on kpopquiz.org to find out. Hundreds of fan-made K-pop quizzes, no signup, always free.","https://kpopquiz.org/seventeen-quiz?utm_source=pinterest&utm_medium=pin&utm_campaign=q118","2026-08-13T18:00:00","seventeen, kpop quiz, kpop trivia, seventeen quiz, seventeen fan, kpop game, kpop challenge"
"Can you pass this NewJeans question?","https://rdkgouofytwfdpbxbzio.supabase.co/storage/v1/object/public/pinterest-question-pins/q-newjeans-119.png","NewJeans Quizzes","","A NewJeans question for real fans. Think you know the answer? Tap through and play the full free quiz on kpopquiz.org to find out. Hundreds of fan-made K-pop quizzes, no signup, always free.","https://kpopquiz.org/newjeans-quiz?utm_source=pinterest&utm_medium=pin&utm_campaign=q119","2026-08-13T19:00:00","newjeans, kpop quiz, kpop trivia, newjeans quiz, newjeans fan, kpop game, kpop challenge"
"How well do you know LOONA?","https://rdkgouofytwfdpbxbzio.supabase.co/storage/v1/object/public/pinterest-question-pins/q-loona-120.png","K-pop Quizzes","","A LOONA question for real fans. Think you know the answer? Tap through and play the full free quiz on kpopquiz.org to find out. Hundreds of fan-made K-pop quizzes, no signup, always free.","https://kpopquiz.org/loona-quiz?utm_source=pinterest&utm_medium=pin&utm_campaign=q120","2026-08-14T08:00:00","loona, kpop quiz, kpop trivia, loona quiz, loona fan, kpop game, kpop challenge"
"EXO quiz: can you get this one right?","https://rdkgouofytwfdpbxbzio.supabase.co/storage/v1/object/public/pinterest-question-pins/q-exo-121.png","EXO Quizzes","","A EXO question for real fans. Think you know the answer? Tap through and play the full free quiz on kpopquiz.org to find out. Hundreds of fan-made K-pop quizzes, no signup, always free.","https://kpopquiz.org/exo-quiz?utm_source=pinterest&utm_medium=pin&utm_campaign=q121","2026-08-14T09:00:00","exo, kpop quiz, kpop trivia, exo quiz, exo fan, kpop game, kpop challenge"
"Only real IVE fans get this","https://rdkgouofytwfdpbxbzio.supabase.co/storage/v1/object/public/pinterest-question-pins/q-ive-122.png","IVE Quizzes","","A IVE question for real fans. Think you know the answer? Tap through and play the full free quiz on kpopquiz.org to find out. Hundreds of fan-made K-pop quizzes, no signup, always free.","https://kpopquiz.org/ive-quiz?utm_source=pinterest&utm_medium=pin&utm_campaign=q122","2026-08-14T10:00:00","ive, kpop quiz, kpop trivia, ive quiz, ive fan, kpop game, kpop challenge"
"Test your (G)I-DLE knowledge","https://rdkgouofytwfdpbxbzio.supabase.co/storage/v1/object/public/pinterest-question-pins/q-g-i-dle-123.png","(G)I-DLE Quizzes","","A (G)I-DLE question for real fans. Think you know the answer? Tap through and play the full free quiz on kpopquiz.org to find out. Hundreds of fan-made K-pop quizzes, no signup, always free.","https://kpopquiz.org/g-i-dle-quiz?utm_source=pinterest&utm_medium=pin&utm_campaign=q123","2026-08-14T11:00:00","(g)i-dle, kpop quiz, kpop trivia, (g)i-dle quiz, (g)i-dle fan, kpop game, kpop challenge"
"TXT trivia: do you know the answer?","https://rdkgouofytwfdpbxbzio.supabase.co/storage/v1/object/public/pinterest-question-pins/q-txt-124.png","TXT Quizzes","","A TXT question for real fans. Think you know the answer? Tap through and play the full free quiz on kpopquiz.org to find out. Hundreds of fan-made K-pop quizzes, no signup, always free.","https://kpopquiz.org/txt-quiz?utm_source=pinterest&utm_medium=pin&utm_campaign=q124","2026-08-14T12:00:00","txt, kpop quiz, kpop trivia, txt quiz, txt fan, kpop game, kpop challenge"
"Can you pass this Red Velvet question?","https://rdkgouofytwfdpbxbzio.supabase.co/storage/v1/object/public/pinterest-question-pins/q-red-velvet-125.png","Red Velvet Quizzes","","A Red Velvet question for real fans. Think you know the answer? Tap through and play the full free quiz on kpopquiz.org to find out. Hundreds of fan-made K-pop quizzes, no signup, always free.","https://kpopquiz.org/red-velvet-quiz?utm_source=pinterest&utm_medium=pin&utm_campaign=q125","2026-08-14T13:00:00","red velvet, kpop quiz, kpop trivia, red velvet quiz, red velvet fan, kpop game, kpop challenge"
"How well do you know ITZY?","https://rdkgouofytwfdpbxbzio.supabase.co/storage/v1/object/public/pinterest-question-pins/q-itzy-126.png","ITZY Quizzes","","A ITZY question for real fans. Think you know the answer? Tap through and play the full free quiz on kpopquiz.org to find out. Hundreds of fan-made K-pop quizzes, no signup, always free.","https://kpopquiz.org/itzy-quiz?utm_source=pinterest&utm_medium=pin&utm_campaign=q126","2026-08-14T14:00:00","itzy, kpop quiz, kpop trivia, itzy quiz, itzy fan, kpop game, kpop challenge"
"ILLIT quiz: can you get this one right?","https://rdkgouofytwfdpbxbzio.supabase.co/storage/v1/object/public/pinterest-question-pins/q-illit-127.png","K-pop Quizzes","","A ILLIT question for real fans. Think you know the answer? Tap through and play the full free quiz on kpopquiz.org to find out. Hundreds of fan-made K-pop quizzes, no signup, always free.","https://kpopquiz.org/illit-quiz?utm_source=pinterest&utm_medium=pin&utm_campaign=q127","2026-08-14T15:00:00","illit, kpop quiz, kpop trivia, illit quiz, illit fan, kpop game, kpop challenge"
"Only real ENHYPEN fans get this","https://rdkgouofytwfdpbxbzio.supabase.co/storage/v1/object/public/pinterest-question-pins/q-enhypen-128.png","ENHYPEN Quizzes","","A ENHYPEN question for real fans. Think you know the answer? Tap through and play the full free quiz on kpopquiz.org to find out. Hundreds of fan-made K-pop quizzes, no signup, always free.","https://kpopquiz.org/enhypen-quiz?utm_source=pinterest&utm_medium=pin&utm_campaign=q128","2026-08-14T16:00:00","enhypen, kpop quiz, kpop trivia, enhypen quiz, enhypen fan, kpop game, kpop challenge"
"Test your SHINee knowledge","https://rdkgouofytwfdpbxbzio.supabase.co/storage/v1/object/public/pinterest-question-pins/q-shinee-129.png","K-pop Quizzes","","A SHINee question for real fans. Think you know the answer? Tap through and play the full free quiz on kpopquiz.org to find out. Hundreds of fan-made K-pop quizzes, no signup, always free.","https://kpopquiz.org/shinee-quiz?utm_source=pinterest&utm_medium=pin&utm_campaign=q129","2026-08-14T17:00:00","shinee, kpop quiz, kpop trivia, shinee quiz, shinee fan, kpop game, kpop challenge"
"KickFlip trivia: do you know the answer?","https://rdkgouofytwfdpbxbzio.supabase.co/storage/v1/object/public/pinterest-question-pins/q-kickflip-130.png","K-pop Quizzes","","A KickFlip question for real fans. Think you know the answer? Tap through and play the full free quiz on kpopquiz.org to find out. Hundreds of fan-made K-pop quizzes, no signup, always free.","https://kpopquiz.org/kickflip-quiz?utm_source=pinterest&utm_medium=pin&utm_campaign=q130","2026-08-14T18:00:00","kickflip, kpop quiz, kpop trivia, kickflip quiz, kickflip fan, kpop game, kpop challenge"
"Can you pass this Cortis question?","https://rdkgouofytwfdpbxbzio.supabase.co/storage/v1/object/public/pinterest-question-pins/q-cortis-131.png","K-pop Quizzes","","A Cortis question for real fans. Think you know the answer? Tap through and play the full free quiz on kpopquiz.org to find out. Hundreds of fan-made K-pop quizzes, no signup, always free.","https://kpopquiz.org/cortis-quiz?utm_source=pinterest&utm_medium=pin&utm_campaign=q131","2026-08-14T19:00:00","cortis, kpop quiz, kpop trivia, cortis quiz, cortis fan, kpop game, kpop challenge"
"How well do you know ARTMS?","https://rdkgouofytwfdpbxbzio.supabase.co/storage/v1/object/public/pinterest-question-pins/q-artms-132.png","K-pop Quizzes","","A ARTMS question for real fans. Think you know the answer? Tap through and play the full free quiz on kpopquiz.org to find out. Hundreds of fan-made K-pop quizzes, no signup, always free.","https://kpopquiz.org/artms-quiz?utm_source=pinterest&utm_medium=pin&utm_campaign=q132","2026-08-15T08:00:00","artms, kpop quiz, kpop trivia, artms quiz, artms fan, kpop game, kpop challenge"
"LE SSERAFIM quiz: can you get this one right?","https://rdkgouofytwfdpbxbzio.supabase.co/storage/v1/object/public/pinterest-question-pins/q-le-sserafim-133.png","LE SSERAFIM Quizzes","","A LE SSERAFIM question for real fans. Think you know the answer? Tap through and play the full free quiz on kpopquiz.org to find out. Hundreds of fan-made K-pop quizzes, no signup, always free.","https://kpopquiz.org/le-sserafim-quiz?utm_source=pinterest&utm_medium=pin&utm_campaign=q133","2026-08-15T09:00:00","le sserafim, kpop quiz, kpop trivia, le sserafim quiz, le sserafim fan, kpop game, kpop challenge"
"Only real NCT fans get this","https://rdkgouofytwfdpbxbzio.supabase.co/storage/v1/object/public/pinterest-question-pins/q-nct-134.png","NCT Quizzes","","A NCT question for real fans. Think you know the answer? Tap through and play the full free quiz on kpopquiz.org to find out. Hundreds of fan-made K-pop quizzes, no signup, always free.","https://kpopquiz.org/nct-quiz?utm_source=pinterest&utm_medium=pin&utm_campaign=q134","2026-08-15T10:00:00","nct, kpop quiz, kpop trivia, nct quiz, nct fan, kpop game, kpop challenge"
"Test your GOT7 knowledge","https://rdkgouofytwfdpbxbzio.supabase.co/storage/v1/object/public/pinterest-question-pins/q-got7-135.png","K-pop Quizzes","","A GOT7 question for real fans. Think you know the answer? Tap through and play the full free quiz on kpopquiz.org to find out. Hundreds of fan-made K-pop quizzes, no signup, always free.","https://kpopquiz.org/got7-quiz?utm_source=pinterest&utm_medium=pin&utm_campaign=q135","2026-08-15T11:00:00","got7, kpop quiz, kpop trivia, got7 quiz, got7 fan, kpop game, kpop challenge"
"Loossemble trivia: do you know the answer?","https://rdkgouofytwfdpbxbzio.supabase.co/storage/v1/object/public/pinterest-question-pins/q-loossemble-136.png","K-pop Quizzes","","A Loossemble question for real fans. Think you know the answer? Tap through and play the full free quiz on kpopquiz.org to find out. Hundreds of fan-made K-pop quizzes, no signup, always free.","https://kpopquiz.org/loossemble-quiz?utm_source=pinterest&utm_medium=pin&utm_campaign=q136","2026-08-15T12:00:00","loossemble, kpop quiz, kpop trivia, loossemble quiz, loossemble fan, kpop game, kpop challenge"
"Can you pass this MAMAMOO question?","https://rdkgouofytwfdpbxbzio.supabase.co/storage/v1/object/public/pinterest-question-pins/q-mamamoo-137.png","K-pop Quizzes","","A MAMAMOO question for real fans. Think you know the answer? Tap through and play the full free quiz on kpopquiz.org to find out. Hundreds of fan-made K-pop quizzes, no signup, always free.","https://kpopquiz.org/mamamoo-quiz?utm_source=pinterest&utm_medium=pin&utm_campaign=q137","2026-08-15T13:00:00","mamamoo, kpop quiz, kpop trivia, mamamoo quiz, mamamoo fan, kpop game, kpop challenge"
"How well do you know BABYMONSTER?","https://rdkgouofytwfdpbxbzio.supabase.co/storage/v1/object/public/pinterest-question-pins/q-babymonster-138.png","K-pop Quizzes","","A BABYMONSTER question for real fans. Think you know the answer? Tap through and play the full free quiz on kpopquiz.org to find out. Hundreds of fan-made K-pop quizzes, no signup, always free.","https://kpopquiz.org/babymonster-quiz?utm_source=pinterest&utm_medium=pin&utm_campaign=q138","2026-08-15T14:00:00","babymonster, kpop quiz, kpop trivia, babymonster quiz, babymonster fan, kpop game, kpop challenge"
"MONSTA X quiz: can you get this one right?","https://rdkgouofytwfdpbxbzio.supabase.co/storage/v1/object/public/pinterest-question-pins/q-monsta-x-139.png","K-pop Quizzes","","A MONSTA X question for real fans. Think you know the answer? Tap through and play the full free quiz on kpopquiz.org to find out. Hundreds of fan-made K-pop quizzes, no signup, always free.","https://kpopquiz.org/monsta-x-quiz?utm_source=pinterest&utm_medium=pin&utm_campaign=q139","2026-08-15T15:00:00","monsta x, kpop quiz, kpop trivia, monsta x quiz, monsta x fan, kpop game, kpop challenge"
"Only real XIKERS fans get this","https://rdkgouofytwfdpbxbzio.supabase.co/storage/v1/object/public/pinterest-question-pins/q-xikers-140.png","K-pop Quizzes","","A XIKERS question for real fans. Think you know the answer? Tap through and play the full free quiz on kpopquiz.org to find out. Hundreds of fan-made K-pop quizzes, no signup, always free.","https://kpopquiz.org/xikers-quiz?utm_source=pinterest&utm_medium=pin&utm_campaign=q140","2026-08-15T16:00:00","xikers, kpop quiz, kpop trivia, xikers quiz, xikers fan, kpop game, kpop challenge"
"Test your ASTRO knowledge","https://rdkgouofytwfdpbxbzio.supabase.co/storage/v1/object/public/pinterest-question-pins/q-astro-141.png","K-pop Quizzes","","A ASTRO question for real fans. Think you know the answer? Tap through and play the full free quiz on kpopquiz.org to find out. Hundreds of fan-made K-pop quizzes, no signup, always free.","https://kpopquiz.org/astro-quiz?utm_source=pinterest&utm_medium=pin&utm_campaign=q141","2026-08-15T17:00:00","astro, kpop quiz, kpop trivia, astro quiz, astro fan, kpop game, kpop challenge"
"TREASURE trivia: do you know the answer?","https://rdkgouofytwfdpbxbzio.supabase.co/storage/v1/object/public/pinterest-question-pins/q-treasure-142.png","K-pop Quizzes","","A TREASURE question for real fans. Think you know the answer? Tap through and play the full free quiz on kpopquiz.org to find out. Hundreds of fan-made K-pop quizzes, no signup, always free.","https://kpopquiz.org/treasure-quiz?utm_source=pinterest&utm_medium=pin&utm_campaign=q142","2026-08-15T18:00:00","treasure, kpop quiz, kpop trivia, treasure quiz, treasure fan, kpop game, kpop challenge"
"Can you pass this AKMU question?","https://rdkgouofytwfdpbxbzio.supabase.co/storage/v1/object/public/pinterest-question-pins/q-akmu-143.png","K-pop Quizzes","","A AKMU question for real fans. Think you know the answer? Tap through and play the full free quiz on kpopquiz.org to find out. Hundreds of fan-made K-pop quizzes, no signup, always free.","https://kpopquiz.org/akmu-quiz?utm_source=pinterest&utm_medium=pin&utm_campaign=q143","2026-08-15T19:00:00","akmu, kpop quiz, kpop trivia, akmu quiz, akmu fan, kpop game, kpop challenge"
"How well do you know TWS?","https://rdkgouofytwfdpbxbzio.supabase.co/storage/v1/object/public/pinterest-question-pins/q-tws-144.png","K-pop Quizzes","","A TWS question for real fans. Think you know the answer? Tap through and play the full free quiz on kpopquiz.org to find out. Hundreds of fan-made K-pop quizzes, no signup, always free.","https://kpopquiz.org/tws-quiz?utm_source=pinterest&utm_medium=pin&utm_campaign=q144","2026-08-16T08:00:00","tws, kpop quiz, kpop trivia, tws quiz, tws fan, kpop game, kpop challenge"
"BIGBANG quiz: can you get this one right?","https://rdkgouofytwfdpbxbzio.supabase.co/storage/v1/object/public/pinterest-question-pins/q-bigbang-145.png","K-pop Quizzes","","A BIGBANG question for real fans. Think you know the answer? Tap through and play the full free quiz on kpopquiz.org to find out. Hundreds of fan-made K-pop quizzes, no signup, always free.","https://kpopquiz.org/bigbang-quiz?utm_source=pinterest&utm_medium=pin&utm_campaign=q145","2026-08-16T09:00:00","bigbang, kpop quiz, kpop trivia, bigbang quiz, bigbang fan, kpop game, kpop challenge"
"Only real NMIXX fans get this","https://rdkgouofytwfdpbxbzio.supabase.co/storage/v1/object/public/pinterest-question-pins/q-nmixx-146.png","K-pop Quizzes","","A NMIXX question for real fans. Think you know the answer? Tap through and play the full free quiz on kpopquiz.org to find out. Hundreds of fan-made K-pop quizzes, no signup, always free.","https://kpopquiz.org/nmixx-quiz?utm_source=pinterest&utm_medium=pin&utm_campaign=q146","2026-08-16T10:00:00","nmixx, kpop quiz, kpop trivia, nmixx quiz, nmixx fan, kpop game, kpop challenge"
"Only real K-pop fans get this","https://rdkgouofytwfdpbxbzio.supabase.co/storage/v1/object/public/pinterest-question-pins/q-general-kpop-147.png","K-pop Quizzes","","A K-pop question for real fans. Think you know the answer? Tap through and play the full free quiz on kpopquiz.org to find out. Hundreds of fan-made K-pop quizzes, no signup, always free.","https://kpopquiz.org?utm_source=pinterest&utm_medium=pin&utm_campaign=q147","2026-08-16T11:00:00","kpop, kpop quiz, kpop trivia, kpop fan, kpop game, kpop challenge"
"ATEEZ trivia: do you know the answer?","https://rdkgouofytwfdpbxbzio.supabase.co/storage/v1/object/public/pinterest-question-pins/q-ateez-148.png","ATEEZ Quizzes","","A ATEEZ question for real fans. Think you know the answer? Tap through and play the full free quiz on kpopquiz.org to find out. Hundreds of fan-made K-pop quizzes, no signup, always free.","https://kpopquiz.org/ateez-quiz?utm_source=pinterest&utm_medium=pin&utm_campaign=q148","2026-08-16T12:00:00","ateez, kpop quiz, kpop trivia, ateez quiz, ateez fan, kpop game, kpop challenge"
"Can you pass this Stray Kids question?","https://rdkgouofytwfdpbxbzio.supabase.co/storage/v1/object/public/pinterest-question-pins/q-stray-kids-149.png","Stray Kids Quizzes","","A Stray Kids question for real fans. Think you know the answer? Tap through and play the full free quiz on kpopquiz.org to find out. Hundreds of fan-made K-pop quizzes, no signup, always free.","https://kpopquiz.org/stray-kids-quiz?utm_source=pinterest&utm_medium=pin&utm_campaign=q149","2026-08-16T13:00:00","stray kids, kpop quiz, kpop trivia, stray kids quiz, stray kids fan, kpop game, kpop challenge"
"How well do you know BTS?","https://rdkgouofytwfdpbxbzio.supabase.co/storage/v1/object/public/pinterest-question-pins/q-bts-150.png","BTS Quizzes","","A BTS question for real fans. Think you know the answer? Tap through and play the full free quiz on kpopquiz.org to find out. Hundreds of fan-made K-pop quizzes, no signup, always free.","https://kpopquiz.org/bts-quiz?utm_source=pinterest&utm_medium=pin&utm_campaign=q150","2026-08-16T14:00:00","bts, kpop quiz, kpop trivia, bts quiz, bts fan, kpop game, kpop challenge"
"BLACKPINK quiz: can you get this one right?","https://rdkgouofytwfdpbxbzio.supabase.co/storage/v1/object/public/pinterest-question-pins/q-blackpink-151.png","BLACKPINK Quizzes","","A BLACKPINK question for real fans. Think you know the answer? Tap through and play the full free quiz on kpopquiz.org to find out. Hundreds of fan-made K-pop quizzes, no signup, always free.","https://kpopquiz.org/blackpink-quiz?utm_source=pinterest&utm_medium=pin&utm_campaign=q151","2026-08-16T15:00:00","blackpink, kpop quiz, kpop trivia, blackpink quiz, blackpink fan, kpop game, kpop challenge"
"Only real aespa fans get this","https://rdkgouofytwfdpbxbzio.supabase.co/storage/v1/object/public/pinterest-question-pins/q-aespa-152.png","aespa Quizzes","","A aespa question for real fans. Think you know the answer? Tap through and play the full free quiz on kpopquiz.org to find out. Hundreds of fan-made K-pop quizzes, no signup, always free.","https://kpopquiz.org/aespa-quiz?utm_source=pinterest&utm_medium=pin&utm_campaign=q152","2026-08-16T16:00:00","aespa, kpop quiz, kpop trivia, aespa quiz, aespa fan, kpop game, kpop challenge"
"Test your TWICE knowledge","https://rdkgouofytwfdpbxbzio.supabase.co/storage/v1/object/public/pinterest-question-pins/q-twice-153.png","TWICE Quizzes","","A TWICE question for real fans. Think you know the answer? Tap through and play the full free quiz on kpopquiz.org to find out. Hundreds of fan-made K-pop quizzes, no signup, always free.","https://kpopquiz.org/twice-quiz?utm_source=pinterest&utm_medium=pin&utm_campaign=q153","2026-08-16T17:00:00","twice, kpop quiz, kpop trivia, twice quiz, twice fan, kpop game, kpop challenge"
"SEVENTEEN trivia: do you know the answer?","https://rdkgouofytwfdpbxbzio.supabase.co/storage/v1/object/public/pinterest-question-pins/q-seventeen-154.png","SEVENTEEN Quizzes","","A SEVENTEEN question for real fans. Think you know the answer? Tap through and play the full free quiz on kpopquiz.org to find out. Hundreds of fan-made K-pop quizzes, no signup, always free.","https://kpopquiz.org/seventeen-quiz?utm_source=pinterest&utm_medium=pin&utm_campaign=q154","2026-08-16T18:00:00","seventeen, kpop quiz, kpop trivia, seventeen quiz, seventeen fan, kpop game, kpop challenge"
"Can you pass this NewJeans question?","https://rdkgouofytwfdpbxbzio.supabase.co/storage/v1/object/public/pinterest-question-pins/q-newjeans-155.png","NewJeans Quizzes","","A NewJeans question for real fans. Think you know the answer? Tap through and play the full free quiz on kpopquiz.org to find out. Hundreds of fan-made K-pop quizzes, no signup, always free.","https://kpopquiz.org/newjeans-quiz?utm_source=pinterest&utm_medium=pin&utm_campaign=q155","2026-08-16T19:00:00","newjeans, kpop quiz, kpop trivia, newjeans quiz, newjeans fan, kpop game, kpop challenge"
"How well do you know LOONA?","https://rdkgouofytwfdpbxbzio.supabase.co/storage/v1/object/public/pinterest-question-pins/q-loona-156.png","K-pop Quizzes","","A LOONA question for real fans. Think you know the answer? Tap through and play the full free quiz on kpopquiz.org to find out. Hundreds of fan-made K-pop quizzes, no signup, always free.","https://kpopquiz.org/loona-quiz?utm_source=pinterest&utm_medium=pin&utm_campaign=q156","2026-08-17T08:00:00","loona, kpop quiz, kpop trivia, loona quiz, loona fan, kpop game, kpop challenge"
"EXO quiz: can you get this one right?","https://rdkgouofytwfdpbxbzio.supabase.co/storage/v1/object/public/pinterest-question-pins/q-exo-157.png","EXO Quizzes","","A EXO question for real fans. Think you know the answer? Tap through and play the full free quiz on kpopquiz.org to find out. Hundreds of fan-made K-pop quizzes, no signup, always free.","https://kpopquiz.org/exo-quiz?utm_source=pinterest&utm_medium=pin&utm_campaign=q157","2026-08-17T09:00:00","exo, kpop quiz, kpop trivia, exo quiz, exo fan, kpop game, kpop challenge"
"Only real IVE fans get this","https://rdkgouofytwfdpbxbzio.supabase.co/storage/v1/object/public/pinterest-question-pins/q-ive-158.png","IVE Quizzes","","A IVE question for real fans. Think you know the answer? Tap through and play the full free quiz on kpopquiz.org to find out. Hundreds of fan-made K-pop quizzes, no signup, always free.","https://kpopquiz.org/ive-quiz?utm_source=pinterest&utm_medium=pin&utm_campaign=q158","2026-08-17T10:00:00","ive, kpop quiz, kpop trivia, ive quiz, ive fan, kpop game, kpop challenge"
"Test your (G)I-DLE knowledge","https://rdkgouofytwfdpbxbzio.supabase.co/storage/v1/object/public/pinterest-question-pins/q-g-i-dle-159.png","(G)I-DLE Quizzes","","A (G)I-DLE question for real fans. Think you know the answer? Tap through and play the full free quiz on kpopquiz.org to find out. Hundreds of fan-made K-pop quizzes, no signup, always free.","https://kpopquiz.org/g-i-dle-quiz?utm_source=pinterest&utm_medium=pin&utm_campaign=q159","2026-08-17T11:00:00","(g)i-dle, kpop quiz, kpop trivia, (g)i-dle quiz, (g)i-dle fan, kpop game, kpop challenge"
"TXT trivia: do you know the answer?","https://rdkgouofytwfdpbxbzio.supabase.co/storage/v1/object/public/pinterest-question-pins/q-txt-160.png","TXT Quizzes","","A TXT question for real fans. Think you know the answer? Tap through and play the full free quiz on kpopquiz.org to find out. Hundreds of fan-made K-pop quizzes, no signup, always free.","https://kpopquiz.org/txt-quiz?utm_source=pinterest&utm_medium=pin&utm_campaign=q160","2026-08-17T12:00:00","txt, kpop quiz, kpop trivia, txt quiz, txt fan, kpop game, kpop challenge"
"Can you pass this Red Velvet question?","https://rdkgouofytwfdpbxbzio.supabase.co/storage/v1/object/public/pinterest-question-pins/q-red-velvet-161.png","Red Velvet Quizzes","","A Red Velvet question for real fans. Think you know the answer? Tap through and play the full free quiz on kpopquiz.org to find out. Hundreds of fan-made K-pop quizzes, no signup, always free.","https://kpopquiz.org/red-velvet-quiz?utm_source=pinterest&utm_medium=pin&utm_campaign=q161","2026-08-17T13:00:00","red velvet, kpop quiz, kpop trivia, red velvet quiz, red velvet fan, kpop game, kpop challenge"
"How well do you know ITZY?","https://rdkgouofytwfdpbxbzio.supabase.co/storage/v1/object/public/pinterest-question-pins/q-itzy-162.png","ITZY Quizzes","","A ITZY question for real fans. Think you know the answer? Tap through and play the full free quiz on kpopquiz.org to find out. Hundreds of fan-made K-pop quizzes, no signup, always free.","https://kpopquiz.org/itzy-quiz?utm_source=pinterest&utm_medium=pin&utm_campaign=q162","2026-08-17T14:00:00","itzy, kpop quiz, kpop trivia, itzy quiz, itzy fan, kpop game, kpop challenge"
"ILLIT quiz: can you get this one right?","https://rdkgouofytwfdpbxbzio.supabase.co/storage/v1/object/public/pinterest-question-pins/q-illit-163.png","K-pop Quizzes","","A ILLIT question for real fans. Think you know the answer? Tap through and play the full free quiz on kpopquiz.org to find out. Hundreds of fan-made K-pop quizzes, no signup, always free.","https://kpopquiz.org/illit-quiz?utm_source=pinterest&utm_medium=pin&utm_campaign=q163","2026-08-17T15:00:00","illit, kpop quiz, kpop trivia, illit quiz, illit fan, kpop game, kpop challenge"
"Only real ENHYPEN fans get this","https://rdkgouofytwfdpbxbzio.supabase.co/storage/v1/object/public/pinterest-question-pins/q-enhypen-164.png","ENHYPEN Quizzes","","A ENHYPEN question for real fans. Think you know the answer? Tap through and play the full free quiz on kpopquiz.org to find out. Hundreds of fan-made K-pop quizzes, no signup, always free.","https://kpopquiz.org/enhypen-quiz?utm_source=pinterest&utm_medium=pin&utm_campaign=q164","2026-08-17T16:00:00","enhypen, kpop quiz, kpop trivia, enhypen quiz, enhypen fan, kpop game, kpop challenge"
"Test your SHINee knowledge","https://rdkgouofytwfdpbxbzio.supabase.co/storage/v1/object/public/pinterest-question-pins/q-shinee-165.png","K-pop Quizzes","","A SHINee question for real fans. Think you know the answer? Tap through and play the full free quiz on kpopquiz.org to find out. Hundreds of fan-made K-pop quizzes, no signup, always free.","https://kpopquiz.org/shinee-quiz?utm_source=pinterest&utm_medium=pin&utm_campaign=q165","2026-08-17T17:00:00","shinee, kpop quiz, kpop trivia, shinee quiz, shinee fan, kpop game, kpop challenge"
"KickFlip trivia: do you know the answer?","https://rdkgouofytwfdpbxbzio.supabase.co/storage/v1/object/public/pinterest-question-pins/q-kickflip-166.png","K-pop Quizzes","","A KickFlip question for real fans. Think you know the answer? Tap through and play the full free quiz on kpopquiz.org to find out. Hundreds of fan-made K-pop quizzes, no signup, always free.","https://kpopquiz.org/kickflip-quiz?utm_source=pinterest&utm_medium=pin&utm_campaign=q166","2026-08-17T18:00:00","kickflip, kpop quiz, kpop trivia, kickflip quiz, kickflip fan, kpop game, kpop challenge"
"Can you pass this Cortis question?","https://rdkgouofytwfdpbxbzio.supabase.co/storage/v1/object/public/pinterest-question-pins/q-cortis-167.png","K-pop Quizzes","","A Cortis question for real fans. Think you know the answer? Tap through and play the full free quiz on kpopquiz.org to find out. Hundreds of fan-made K-pop quizzes, no signup, always free.","https://kpopquiz.org/cortis-quiz?utm_source=pinterest&utm_medium=pin&utm_campaign=q167","2026-08-17T19:00:00","cortis, kpop quiz, kpop trivia, cortis quiz, cortis fan, kpop game, kpop challenge"
"How well do you know ARTMS?","https://rdkgouofytwfdpbxbzio.supabase.co/storage/v1/object/public/pinterest-question-pins/q-artms-168.png","K-pop Quizzes","","A ARTMS question for real fans. Think you know the answer? Tap through and play the full free quiz on kpopquiz.org to find out. Hundreds of fan-made K-pop quizzes, no signup, always free.","https://kpopquiz.org/artms-quiz?utm_source=pinterest&utm_medium=pin&utm_campaign=q168","2026-08-18T08:00:00","artms, kpop quiz, kpop trivia, artms quiz, artms fan, kpop game, kpop challenge"
"LE SSERAFIM quiz: can you get this one right?","https://rdkgouofytwfdpbxbzio.supabase.co/storage/v1/object/public/pinterest-question-pins/q-le-sserafim-169.png","LE SSERAFIM Quizzes","","A LE SSERAFIM question for real fans. Think you know the answer? Tap through and play the full free quiz on kpopquiz.org to find out. Hundreds of fan-made K-pop quizzes, no signup, always free.","https://kpopquiz.org/le-sserafim-quiz?utm_source=pinterest&utm_medium=pin&utm_campaign=q169","2026-08-18T09:00:00","le sserafim, kpop quiz, kpop trivia, le sserafim quiz, le sserafim fan, kpop game, kpop challenge"
"Only real NCT fans get this","https://rdkgouofytwfdpbxbzio.supabase.co/storage/v1/object/public/pinterest-question-pins/q-nct-170.png","NCT Quizzes","","A NCT question for real fans. Think you know the answer? Tap through and play the full free quiz on kpopquiz.org to find out. Hundreds of fan-made K-pop quizzes, no signup, always free.","https://kpopquiz.org/nct-quiz?utm_source=pinterest&utm_medium=pin&utm_campaign=q170","2026-08-18T10:00:00","nct, kpop quiz, kpop trivia, nct quiz, nct fan, kpop game, kpop challenge"
"Test your GOT7 knowledge","https://rdkgouofytwfdpbxbzio.supabase.co/storage/v1/object/public/pinterest-question-pins/q-got7-171.png","K-pop Quizzes","","A GOT7 question for real fans. Think you know the answer? Tap through and play the full free quiz on kpopquiz.org to find out. Hundreds of fan-made K-pop quizzes, no signup, always free.","https://kpopquiz.org/got7-quiz?utm_source=pinterest&utm_medium=pin&utm_campaign=q171","2026-08-18T11:00:00","got7, kpop quiz, kpop trivia, got7 quiz, got7 fan, kpop game, kpop challenge"
"Loossemble trivia: do you know the answer?","https://rdkgouofytwfdpbxbzio.supabase.co/storage/v1/object/public/pinterest-question-pins/q-loossemble-172.png","K-pop Quizzes","","A Loossemble question for real fans. Think you know the answer? Tap through and play the full free quiz on kpopquiz.org to find out. Hundreds of fan-made K-pop quizzes, no signup, always free.","https://kpopquiz.org/loossemble-quiz?utm_source=pinterest&utm_medium=pin&utm_campaign=q172","2026-08-18T12:00:00","loossemble, kpop quiz, kpop trivia, loossemble quiz, loossemble fan, kpop game, kpop challenge"
"Can you pass this MAMAMOO question?","https://rdkgouofytwfdpbxbzio.supabase.co/storage/v1/object/public/pinterest-question-pins/q-mamamoo-173.png","K-pop Quizzes","","A MAMAMOO question for real fans. Think you know the answer? Tap through and play the full free quiz on kpopquiz.org to find out. Hundreds of fan-made K-pop quizzes, no signup, always free.","https://kpopquiz.org/mamamoo-quiz?utm_source=pinterest&utm_medium=pin&utm_campaign=q173","2026-08-18T13:00:00","mamamoo, kpop quiz, kpop trivia, mamamoo quiz, mamamoo fan, kpop game, kpop challenge"
"How well do you know BABYMONSTER?","https://rdkgouofytwfdpbxbzio.supabase.co/storage/v1/object/public/pinterest-question-pins/q-babymonster-174.png","K-pop Quizzes","","A BABYMONSTER question for real fans. Think you know the answer? Tap through and play the full free quiz on kpopquiz.org to find out. Hundreds of fan-made K-pop quizzes, no signup, always free.","https://kpopquiz.org/babymonster-quiz?utm_source=pinterest&utm_medium=pin&utm_campaign=q174","2026-08-18T14:00:00","babymonster, kpop quiz, kpop trivia, babymonster quiz, babymonster fan, kpop game, kpop challenge"
"MONSTA X quiz: can you get this one right?","https://rdkgouofytwfdpbxbzio.supabase.co/storage/v1/object/public/pinterest-question-pins/q-monsta-x-175.png","K-pop Quizzes","","A MONSTA X question for real fans. Think you know the answer? Tap through and play the full free quiz on kpopquiz.org to find out. Hundreds of fan-made K-pop quizzes, no signup, always free.","https://kpopquiz.org/monsta-x-quiz?utm_source=pinterest&utm_medium=pin&utm_campaign=q175","2026-08-18T15:00:00","monsta x, kpop quiz, kpop trivia, monsta x quiz, monsta x fan, kpop game, kpop challenge"
"Only real XIKERS fans get this","https://rdkgouofytwfdpbxbzio.supabase.co/storage/v1/object/public/pinterest-question-pins/q-xikers-176.png","K-pop Quizzes","","A XIKERS question for real fans. Think you know the answer? Tap through and play the full free quiz on kpopquiz.org to find out. Hundreds of fan-made K-pop quizzes, no signup, always free.","https://kpopquiz.org/xikers-quiz?utm_source=pinterest&utm_medium=pin&utm_campaign=q176","2026-08-18T16:00:00","xikers, kpop quiz, kpop trivia, xikers quiz, xikers fan, kpop game, kpop challenge"
"Test your ASTRO knowledge","https://rdkgouofytwfdpbxbzio.supabase.co/storage/v1/object/public/pinterest-question-pins/q-astro-177.png","K-pop Quizzes","","A ASTRO question for real fans. Think you know the answer? Tap through and play the full free quiz on kpopquiz.org to find out. Hundreds of fan-made K-pop quizzes, no signup, always free.","https://kpopquiz.org/astro-quiz?utm_source=pinterest&utm_medium=pin&utm_campaign=q177","2026-08-18T17:00:00","astro, kpop quiz, kpop trivia, astro quiz, astro fan, kpop game, kpop challenge"
"TREASURE trivia: do you know the answer?","https://rdkgouofytwfdpbxbzio.supabase.co/storage/v1/object/public/pinterest-question-pins/q-treasure-178.png","K-pop Quizzes","","A TREASURE question for real fans. Think you know the answer? Tap through and play the full free quiz on kpopquiz.org to find out. Hundreds of fan-made K-pop quizzes, no signup, always free.","https://kpopquiz.org/treasure-quiz?utm_source=pinterest&utm_medium=pin&utm_campaign=q178","2026-08-18T18:00:00","treasure, kpop quiz, kpop trivia, treasure quiz, treasure fan, kpop game, kpop challenge"
"Can you pass this AKMU question?","https://rdkgouofytwfdpbxbzio.supabase.co/storage/v1/object/public/pinterest-question-pins/q-akmu-179.png","K-pop Quizzes","","A AKMU question for real fans. Think you know the answer? Tap through and play the full free quiz on kpopquiz.org to find out. Hundreds of fan-made K-pop quizzes, no signup, always free.","https://kpopquiz.org/akmu-quiz?utm_source=pinterest&utm_medium=pin&utm_campaign=q179","2026-08-18T19:00:00","akmu, kpop quiz, kpop trivia, akmu quiz, akmu fan, kpop game, kpop challenge"
"How well do you know TWS?","https://rdkgouofytwfdpbxbzio.supabase.co/storage/v1/object/public/pinterest-question-pins/q-tws-180.png","K-pop Quizzes","","A TWS question for real fans. Think you know the answer? Tap through and play the full free quiz on kpopquiz.org to find out. Hundreds of fan-made K-pop quizzes, no signup, always free.","https://kpopquiz.org/tws-quiz?utm_source=pinterest&utm_medium=pin&utm_campaign=q180","2026-08-19T08:00:00","tws, kpop quiz, kpop trivia, tws quiz, tws fan, kpop game, kpop challenge"
"BIGBANG quiz: can you get this one right?","https://rdkgouofytwfdpbxbzio.supabase.co/storage/v1/object/public/pinterest-question-pins/q-bigbang-181.png","K-pop Quizzes","","A BIGBANG question for real fans. Think you know the answer? Tap through and play the full free quiz on kpopquiz.org to find out. Hundreds of fan-made K-pop quizzes, no signup, always free.","https://kpopquiz.org/bigbang-quiz?utm_source=pinterest&utm_medium=pin&utm_campaign=q181","2026-08-19T09:00:00","bigbang, kpop quiz, kpop trivia, bigbang quiz, bigbang fan, kpop game, kpop challenge"
"Only real NMIXX fans get this","https://rdkgouofytwfdpbxbzio.supabase.co/storage/v1/object/public/pinterest-question-pins/q-nmixx-182.png","K-pop Quizzes","","A NMIXX question for real fans. Think you know the answer? Tap through and play the full free quiz on kpopquiz.org to find out. Hundreds of fan-made K-pop quizzes, no signup, always free.","https://kpopquiz.org/nmixx-quiz?utm_source=pinterest&utm_medium=pin&utm_campaign=q182","2026-08-19T10:00:00","nmixx, kpop quiz, kpop trivia, nmixx quiz, nmixx fan, kpop game, kpop challenge"
"Test your K-pop knowledge","https://rdkgouofytwfdpbxbzio.supabase.co/storage/v1/object/public/pinterest-question-pins/q-general-kpop-183.png","K-pop Quizzes","","A K-pop question for real fans. Think you know the answer? Tap through and play the full free quiz on kpopquiz.org to find out. Hundreds of fan-made K-pop quizzes, no signup, always free.","https://kpopquiz.org?utm_source=pinterest&utm_medium=pin&utm_campaign=q183","2026-08-19T11:00:00","kpop, kpop quiz, kpop trivia, kpop fan, kpop game, kpop challenge"
"ATEEZ trivia: do you know the answer?","https://rdkgouofytwfdpbxbzio.supabase.co/storage/v1/object/public/pinterest-question-pins/q-ateez-184.png","ATEEZ Quizzes","","A ATEEZ question for real fans. Think you know the answer? Tap through and play the full free quiz on kpopquiz.org to find out. Hundreds of fan-made K-pop quizzes, no signup, always free.","https://kpopquiz.org/ateez-quiz?utm_source=pinterest&utm_medium=pin&utm_campaign=q184","2026-08-19T12:00:00","ateez, kpop quiz, kpop trivia, ateez quiz, ateez fan, kpop game, kpop challenge"
"Can you pass this Stray Kids question?","https://rdkgouofytwfdpbxbzio.supabase.co/storage/v1/object/public/pinterest-question-pins/q-stray-kids-185.png","Stray Kids Quizzes","","A Stray Kids question for real fans. Think you know the answer? Tap through and play the full free quiz on kpopquiz.org to find out. Hundreds of fan-made K-pop quizzes, no signup, always free.","https://kpopquiz.org/stray-kids-quiz?utm_source=pinterest&utm_medium=pin&utm_campaign=q185","2026-08-19T13:00:00","stray kids, kpop quiz, kpop trivia, stray kids quiz, stray kids fan, kpop game, kpop challenge"
"How well do you know BTS?","https://rdkgouofytwfdpbxbzio.supabase.co/storage/v1/object/public/pinterest-question-pins/q-bts-186.png","BTS Quizzes","","A BTS question for real fans. Think you know the answer? Tap through and play the full free quiz on kpopquiz.org to find out. Hundreds of fan-made K-pop quizzes, no signup, always free.","https://kpopquiz.org/bts-quiz?utm_source=pinterest&utm_medium=pin&utm_campaign=q186","2026-08-19T14:00:00","bts, kpop quiz, kpop trivia, bts quiz, bts fan, kpop game, kpop challenge"
"BLACKPINK quiz: can you get this one right?","https://rdkgouofytwfdpbxbzio.supabase.co/storage/v1/object/public/pinterest-question-pins/q-blackpink-187.png","BLACKPINK Quizzes","","A BLACKPINK question for real fans. Think you know the answer? Tap through and play the full free quiz on kpopquiz.org to find out. Hundreds of fan-made K-pop quizzes, no signup, always free.","https://kpopquiz.org/blackpink-quiz?utm_source=pinterest&utm_medium=pin&utm_campaign=q187","2026-08-19T15:00:00","blackpink, kpop quiz, kpop trivia, blackpink quiz, blackpink fan, kpop game, kpop challenge"
"Only real aespa fans get this","https://rdkgouofytwfdpbxbzio.supabase.co/storage/v1/object/public/pinterest-question-pins/q-aespa-188.png","aespa Quizzes","","A aespa question for real fans. Think you know the answer? Tap through and play the full free quiz on kpopquiz.org to find out. Hundreds of fan-made K-pop quizzes, no signup, always free.","https://kpopquiz.org/aespa-quiz?utm_source=pinterest&utm_medium=pin&utm_campaign=q188","2026-08-19T16:00:00","aespa, kpop quiz, kpop trivia, aespa quiz, aespa fan, kpop game, kpop challenge"
"Test your TWICE knowledge","https://rdkgouofytwfdpbxbzio.supabase.co/storage/v1/object/public/pinterest-question-pins/q-twice-189.png","TWICE Quizzes","","A TWICE question for real fans. Think you know the answer? Tap through and play the full free quiz on kpopquiz.org to find out. Hundreds of fan-made K-pop quizzes, no signup, always free.","https://kpopquiz.org/twice-quiz?utm_source=pinterest&utm_medium=pin&utm_campaign=q189","2026-08-19T17:00:00","twice, kpop quiz, kpop trivia, twice quiz, twice fan, kpop game, kpop challenge"
"SEVENTEEN trivia: do you know the answer?","https://rdkgouofytwfdpbxbzio.supabase.co/storage/v1/object/public/pinterest-question-pins/q-seventeen-190.png","SEVENTEEN Quizzes","","A SEVENTEEN question for real fans. Think you know the answer? Tap through and play the full free quiz on kpopquiz.org to find out. Hundreds of fan-made K-pop quizzes, no signup, always free.","https://kpopquiz.org/seventeen-quiz?utm_source=pinterest&utm_medium=pin&utm_campaign=q190","2026-08-19T18:00:00","seventeen, kpop quiz, kpop trivia, seventeen quiz, seventeen fan, kpop game, kpop challenge"
"Can you pass this NewJeans question?","https://rdkgouofytwfdpbxbzio.supabase.co/storage/v1/object/public/pinterest-question-pins/q-newjeans-191.png","NewJeans Quizzes","","A NewJeans question for real fans. Think you know the answer? Tap through and play the full free quiz on kpopquiz.org to find out. Hundreds of fan-made K-pop quizzes, no signup, always free.","https://kpopquiz.org/newjeans-quiz?utm_source=pinterest&utm_medium=pin&utm_campaign=q191","2026-08-19T19:00:00","newjeans, kpop quiz, kpop trivia, newjeans quiz, newjeans fan, kpop game, kpop challenge"
"How well do you know LOONA?","https://rdkgouofytwfdpbxbzio.supabase.co/storage/v1/object/public/pinterest-question-pins/q-loona-192.png","K-pop Quizzes","","A LOONA question for real fans. Think you know the answer? Tap through and play the full free quiz on kpopquiz.org to find out. Hundreds of fan-made K-pop quizzes, no signup, always free.","https://kpopquiz.org/loona-quiz?utm_source=pinterest&utm_medium=pin&utm_campaign=q192","2026-08-20T08:00:00","loona, kpop quiz, kpop trivia, loona quiz, loona fan, kpop game, kpop challenge"
"EXO quiz: can you get this one right?","https://rdkgouofytwfdpbxbzio.supabase.co/storage/v1/object/public/pinterest-question-pins/q-exo-193.png","EXO Quizzes","","A EXO question for real fans. Think you know the answer? Tap through and play the full free quiz on kpopquiz.org to find out. Hundreds of fan-made K-pop quizzes, no signup, always free.","https://kpopquiz.org/exo-quiz?utm_source=pinterest&utm_medium=pin&utm_campaign=q193","2026-08-20T09:00:00","exo, kpop quiz, kpop trivia, exo quiz, exo fan, kpop game, kpop challenge"
"Only real IVE fans get this","https://rdkgouofytwfdpbxbzio.supabase.co/storage/v1/object/public/pinterest-question-pins/q-ive-194.png","IVE Quizzes","","A IVE question for real fans. Think you know the answer? Tap through and play the full free quiz on kpopquiz.org to find out. Hundreds of fan-made K-pop quizzes, no signup, always free.","https://kpopquiz.org/ive-quiz?utm_source=pinterest&utm_medium=pin&utm_campaign=q194","2026-08-20T10:00:00","ive, kpop quiz, kpop trivia, ive quiz, ive fan, kpop game, kpop challenge"
"Test your (G)I-DLE knowledge","https://rdkgouofytwfdpbxbzio.supabase.co/storage/v1/object/public/pinterest-question-pins/q-g-i-dle-195.png","(G)I-DLE Quizzes","","A (G)I-DLE question for real fans. Think you know the answer? Tap through and play the full free quiz on kpopquiz.org to find out. Hundreds of fan-made K-pop quizzes, no signup, always free.","https://kpopquiz.org/g-i-dle-quiz?utm_source=pinterest&utm_medium=pin&utm_campaign=q195","2026-08-20T11:00:00","(g)i-dle, kpop quiz, kpop trivia, (g)i-dle quiz, (g)i-dle fan, kpop game, kpop challenge"
"TXT trivia: do you know the answer?","https://rdkgouofytwfdpbxbzio.supabase.co/storage/v1/object/public/pinterest-question-pins/q-txt-196.png","TXT Quizzes","","A TXT question for real fans. Think you know the answer? Tap through and play the full free quiz on kpopquiz.org to find out. Hundreds of fan-made K-pop quizzes, no signup, always free.","https://kpopquiz.org/txt-quiz?utm_source=pinterest&utm_medium=pin&utm_campaign=q196","2026-08-20T12:00:00","txt, kpop quiz, kpop trivia, txt quiz, txt fan, kpop game, kpop challenge"
"Can you pass this Red Velvet question?","https://rdkgouofytwfdpbxbzio.supabase.co/storage/v1/object/public/pinterest-question-pins/q-red-velvet-197.png","Red Velvet Quizzes","","A Red Velvet question for real fans. Think you know the answer? Tap through and play the full free quiz on kpopquiz.org to find out. Hundreds of fan-made K-pop quizzes, no signup, always free.","https://kpopquiz.org/red-velvet-quiz?utm_source=pinterest&utm_medium=pin&utm_campaign=q197","2026-08-20T13:00:00","red velvet, kpop quiz, kpop trivia, red velvet quiz, red velvet fan, kpop game, kpop challenge"
"How well do you know ITZY?","https://rdkgouofytwfdpbxbzio.supabase.co/storage/v1/object/public/pinterest-question-pins/q-itzy-198.png","ITZY Quizzes","","A ITZY question for real fans. Think you know the answer? Tap through and play the full free quiz on kpopquiz.org to find out. Hundreds of fan-made K-pop quizzes, no signup, always free.","https://kpopquiz.org/itzy-quiz?utm_source=pinterest&utm_medium=pin&utm_campaign=q198","2026-08-20T14:00:00","itzy, kpop quiz, kpop trivia, itzy quiz, itzy fan, kpop game, kpop challenge"
"ILLIT quiz: can you get this one right?","https://rdkgouofytwfdpbxbzio.supabase.co/storage/v1/object/public/pinterest-question-pins/q-illit-199.png","K-pop Quizzes","","A ILLIT question for real fans. Think you know the answer? Tap through and play the full free quiz on kpopquiz.org to find out. Hundreds of fan-made K-pop quizzes, no signup, always free.","https://kpopquiz.org/illit-quiz?utm_source=pinterest&utm_medium=pin&utm_campaign=q199","2026-08-20T15:00:00","illit, kpop quiz, kpop trivia, illit quiz, illit fan, kpop game, kpop challenge"
"Only real ENHYPEN fans get this","https://rdkgouofytwfdpbxbzio.supabase.co/storage/v1/object/public/pinterest-question-pins/q-enhypen-200.png","ENHYPEN Quizzes","","A ENHYPEN question for real fans. Think you know the answer? Tap through and play the full free quiz on kpopquiz.org to find out. Hundreds of fan-made K-pop quizzes, no signup, always free.","https://kpopquiz.org/enhypen-quiz?utm_source=pinterest&utm_medium=pin&utm_campaign=q200","2026-08-20T16:00:00","enhypen, kpop quiz, kpop trivia, enhypen quiz, enhypen fan, kpop game, kpop challenge"
"Test your SHINee knowledge","https://rdkgouofytwfdpbxbzio.supabase.co/storage/v1/object/public/pinterest-question-pins/q-shinee-201.png","K-pop Quizzes","","A SHINee question for real fans. Think you know the answer? Tap through and play the full free quiz on kpopquiz.org to find out. Hundreds of fan-made K-pop quizzes, no signup, always free.","https://kpopquiz.org/shinee-quiz?utm_source=pinterest&utm_medium=pin&utm_campaign=q201","2026-08-20T17:00:00","shinee, kpop quiz, kpop trivia, shinee quiz, shinee fan, kpop game, kpop challenge"
"KickFlip trivia: do you know the answer?","https://rdkgouofytwfdpbxbzio.supabase.co/storage/v1/object/public/pinterest-question-pins/q-kickflip-202.png","K-pop Quizzes","","A KickFlip question for real fans. Think you know the answer? Tap through and play the full free quiz on kpopquiz.org to find out. Hundreds of fan-made K-pop quizzes, no signup, always free.","https://kpopquiz.org/kickflip-quiz?utm_source=pinterest&utm_medium=pin&utm_campaign=q202","2026-08-20T18:00:00","kickflip, kpop quiz, kpop trivia, kickflip quiz, kickflip fan, kpop game, kpop challenge"
"Can you pass this Cortis question?","https://rdkgouofytwfdpbxbzio.supabase.co/storage/v1/object/public/pinterest-question-pins/q-cortis-203.png","K-pop Quizzes","","A Cortis question for real fans. Think you know the answer? Tap through and play the full free quiz on kpopquiz.org to find out. Hundreds of fan-made K-pop quizzes, no signup, always free.","https://kpopquiz.org/cortis-quiz?utm_source=pinterest&utm_medium=pin&utm_campaign=q203","2026-08-20T19:00:00","cortis, kpop quiz, kpop trivia, cortis quiz, cortis fan, kpop game, kpop challenge"
"How well do you know ARTMS?","https://rdkgouofytwfdpbxbzio.supabase.co/storage/v1/object/public/pinterest-question-pins/q-artms-204.png","K-pop Quizzes","","A ARTMS question for real fans. Think you know the answer? Tap through and play the full free quiz on kpopquiz.org to find out. Hundreds of fan-made K-pop quizzes, no signup, always free.","https://kpopquiz.org/artms-quiz?utm_source=pinterest&utm_medium=pin&utm_campaign=q204","2026-08-21T08:00:00","artms, kpop quiz, kpop trivia, artms quiz, artms fan, kpop game, kpop challenge"
"LE SSERAFIM quiz: can you get this one right?","https://rdkgouofytwfdpbxbzio.supabase.co/storage/v1/object/public/pinterest-question-pins/q-le-sserafim-205.png","LE SSERAFIM Quizzes","","A LE SSERAFIM question for real fans. Think you know the answer? Tap through and play the full free quiz on kpopquiz.org to find out. Hundreds of fan-made K-pop quizzes, no signup, always free.","https://kpopquiz.org/le-sserafim-quiz?utm_source=pinterest&utm_medium=pin&utm_campaign=q205","2026-08-21T09:00:00","le sserafim, kpop quiz, kpop trivia, le sserafim quiz, le sserafim fan, kpop game, kpop challenge"
"Only real NCT fans get this","https://rdkgouofytwfdpbxbzio.supabase.co/storage/v1/object/public/pinterest-question-pins/q-nct-206.png","NCT Quizzes","","A NCT question for real fans. Think you know the answer? Tap through and play the full free quiz on kpopquiz.org to find out. Hundreds of fan-made K-pop quizzes, no signup, always free.","https://kpopquiz.org/nct-quiz?utm_source=pinterest&utm_medium=pin&utm_campaign=q206","2026-08-21T10:00:00","nct, kpop quiz, kpop trivia, nct quiz, nct fan, kpop game, kpop challenge"
"Test your GOT7 knowledge","https://rdkgouofytwfdpbxbzio.supabase.co/storage/v1/object/public/pinterest-question-pins/q-got7-207.png","K-pop Quizzes","","A GOT7 question for real fans. Think you know the answer? Tap through and play the full free quiz on kpopquiz.org to find out. Hundreds of fan-made K-pop quizzes, no signup, always free.","https://kpopquiz.org/got7-quiz?utm_source=pinterest&utm_medium=pin&utm_campaign=q207","2026-08-21T11:00:00","got7, kpop quiz, kpop trivia, got7 quiz, got7 fan, kpop game, kpop challenge"
"Loossemble trivia: do you know the answer?","https://rdkgouofytwfdpbxbzio.supabase.co/storage/v1/object/public/pinterest-question-pins/q-loossemble-208.png","K-pop Quizzes","","A Loossemble question for real fans. Think you know the answer? Tap through and play the full free quiz on kpopquiz.org to find out. Hundreds of fan-made K-pop quizzes, no signup, always free.","https://kpopquiz.org/loossemble-quiz?utm_source=pinterest&utm_medium=pin&utm_campaign=q208","2026-08-21T12:00:00","loossemble, kpop quiz, kpop trivia, loossemble quiz, loossemble fan, kpop game, kpop challenge"
"Can you pass this MAMAMOO question?","https://rdkgouofytwfdpbxbzio.supabase.co/storage/v1/object/public/pinterest-question-pins/q-mamamoo-209.png","K-pop Quizzes","","A MAMAMOO question for real fans. Think you know the answer? Tap through and play the full free quiz on kpopquiz.org to find out. Hundreds of fan-made K-pop quizzes, no signup, always free.","https://kpopquiz.org/mamamoo-quiz?utm_source=pinterest&utm_medium=pin&utm_campaign=q209","2026-08-21T13:00:00","mamamoo, kpop quiz, kpop trivia, mamamoo quiz, mamamoo fan, kpop game, kpop challenge"
"How well do you know BABYMONSTER?","https://rdkgouofytwfdpbxbzio.supabase.co/storage/v1/object/public/pinterest-question-pins/q-babymonster-210.png","K-pop Quizzes","","A BABYMONSTER question for real fans. Think you know the answer? Tap through and play the full free quiz on kpopquiz.org to find out. Hundreds of fan-made K-pop quizzes, no signup, always free.","https://kpopquiz.org/babymonster-quiz?utm_source=pinterest&utm_medium=pin&utm_campaign=q210","2026-08-21T14:00:00","babymonster, kpop quiz, kpop trivia, babymonster quiz, babymonster fan, kpop game, kpop challenge"
"MONSTA X quiz: can you get this one right?","https://rdkgouofytwfdpbxbzio.supabase.co/storage/v1/object/public/pinterest-question-pins/q-monsta-x-211.png","K-pop Quizzes","","A MONSTA X question for real fans. Think you know the answer? Tap through and play the full free quiz on kpopquiz.org to find out. Hundreds of fan-made K-pop quizzes, no signup, always free.","https://kpopquiz.org/monsta-x-quiz?utm_source=pinterest&utm_medium=pin&utm_campaign=q211","2026-08-21T15:00:00","monsta x, kpop quiz, kpop trivia, monsta x quiz, monsta x fan, kpop game, kpop challenge"
"Only real XIKERS fans get this","https://rdkgouofytwfdpbxbzio.supabase.co/storage/v1/object/public/pinterest-question-pins/q-xikers-212.png","K-pop Quizzes","","A XIKERS question for real fans. Think you know the answer? Tap through and play the full free quiz on kpopquiz.org to find out. Hundreds of fan-made K-pop quizzes, no signup, always free.","https://kpopquiz.org/xikers-quiz?utm_source=pinterest&utm_medium=pin&utm_campaign=q212","2026-08-21T16:00:00","xikers, kpop quiz, kpop trivia, xikers quiz, xikers fan, kpop game, kpop challenge"
"Test your ASTRO knowledge","https://rdkgouofytwfdpbxbzio.supabase.co/storage/v1/object/public/pinterest-question-pins/q-astro-213.png","K-pop Quizzes","","A ASTRO question for real fans. Think you know the answer? Tap through and play the full free quiz on kpopquiz.org to find out. Hundreds of fan-made K-pop quizzes, no signup, always free.","https://kpopquiz.org/astro-quiz?utm_source=pinterest&utm_medium=pin&utm_campaign=q213","2026-08-21T17:00:00","astro, kpop quiz, kpop trivia, astro quiz, astro fan, kpop game, kpop challenge"
"TREASURE trivia: do you know the answer?","https://rdkgouofytwfdpbxbzio.supabase.co/storage/v1/object/public/pinterest-question-pins/q-treasure-214.png","K-pop Quizzes","","A TREASURE question for real fans. Think you know the answer? Tap through and play the full free quiz on kpopquiz.org to find out. Hundreds of fan-made K-pop quizzes, no signup, always free.","https://kpopquiz.org/treasure-quiz?utm_source=pinterest&utm_medium=pin&utm_campaign=q214","2026-08-21T18:00:00","treasure, kpop quiz, kpop trivia, treasure quiz, treasure fan, kpop game, kpop challenge"
"Can you pass this AKMU question?","https://rdkgouofytwfdpbxbzio.supabase.co/storage/v1/object/public/pinterest-question-pins/q-akmu-215.png","K-pop Quizzes","","A AKMU question for real fans. Think you know the answer? Tap through and play the full free quiz on kpopquiz.org to find out. Hundreds of fan-made K-pop quizzes, no signup, always free.","https://kpopquiz.org/akmu-quiz?utm_source=pinterest&utm_medium=pin&utm_campaign=q215","2026-08-21T19:00:00","akmu, kpop quiz, kpop trivia, akmu quiz, akmu fan, kpop game, kpop challenge"
"How well do you know TWS?","https://rdkgouofytwfdpbxbzio.supabase.co/storage/v1/object/public/pinterest-question-pins/q-tws-216.png","K-pop Quizzes","","A TWS question for real fans. Think you know the answer? Tap through and play the full free quiz on kpopquiz.org to find out. Hundreds of fan-made K-pop quizzes, no signup, always free.","https://kpopquiz.org/tws-quiz?utm_source=pinterest&utm_medium=pin&utm_campaign=q216","2026-08-22T08:00:00","tws, kpop quiz, kpop trivia, tws quiz, tws fan, kpop game, kpop challenge"
"BIGBANG quiz: can you get this one right?","https://rdkgouofytwfdpbxbzio.supabase.co/storage/v1/object/public/pinterest-question-pins/q-bigbang-217.png","K-pop Quizzes","","A BIGBANG question for real fans. Think you know the answer? Tap through and play the full free quiz on kpopquiz.org to find out. Hundreds of fan-made K-pop quizzes, no signup, always free.","https://kpopquiz.org/bigbang-quiz?utm_source=pinterest&utm_medium=pin&utm_campaign=q217","2026-08-22T09:00:00","bigbang, kpop quiz, kpop trivia, bigbang quiz, bigbang fan, kpop game, kpop challenge"
"Only real NMIXX fans get this","https://rdkgouofytwfdpbxbzio.supabase.co/storage/v1/object/public/pinterest-question-pins/q-nmixx-218.png","K-pop Quizzes","","A NMIXX question for real fans. Think you know the answer? Tap through and play the full free quiz on kpopquiz.org to find out. Hundreds of fan-made K-pop quizzes, no signup, always free.","https://kpopquiz.org/nmixx-quiz?utm_source=pinterest&utm_medium=pin&utm_campaign=q218","2026-08-22T10:00:00","nmixx, kpop quiz, kpop trivia, nmixx quiz, nmixx fan, kpop game, kpop challenge"
"K-pop trivia: do you know the answer?","https://rdkgouofytwfdpbxbzio.supabase.co/storage/v1/object/public/pinterest-question-pins/q-general-kpop-219.png","K-pop Quizzes","","A K-pop question for real fans. Think you know the answer? Tap through and play the full free quiz on kpopquiz.org to find out. Hundreds of fan-made K-pop quizzes, no signup, always free.","https://kpopquiz.org?utm_source=pinterest&utm_medium=pin&utm_campaign=q219","2026-08-22T11:00:00","kpop, kpop quiz, kpop trivia, kpop fan, kpop game, kpop challenge"
"ATEEZ trivia: do you know the answer?","https://rdkgouofytwfdpbxbzio.supabase.co/storage/v1/object/public/pinterest-question-pins/q-ateez-220.png","ATEEZ Quizzes","","A ATEEZ question for real fans. Think you know the answer? Tap through and play the full free quiz on kpopquiz.org to find out. Hundreds of fan-made K-pop quizzes, no signup, always free.","https://kpopquiz.org/ateez-quiz?utm_source=pinterest&utm_medium=pin&utm_campaign=q220","2026-08-22T12:00:00","ateez, kpop quiz, kpop trivia, ateez quiz, ateez fan, kpop game, kpop challenge"
"Can you pass this Stray Kids question?","https://rdkgouofytwfdpbxbzio.supabase.co/storage/v1/object/public/pinterest-question-pins/q-stray-kids-221.png","Stray Kids Quizzes","","A Stray Kids question for real fans. Think you know the answer? Tap through and play the full free quiz on kpopquiz.org to find out. Hundreds of fan-made K-pop quizzes, no signup, always free.","https://kpopquiz.org/stray-kids-quiz?utm_source=pinterest&utm_medium=pin&utm_campaign=q221","2026-08-22T13:00:00","stray kids, kpop quiz, kpop trivia, stray kids quiz, stray kids fan, kpop game, kpop challenge"
"How well do you know BTS?","https://rdkgouofytwfdpbxbzio.supabase.co/storage/v1/object/public/pinterest-question-pins/q-bts-222.png","BTS Quizzes","","A BTS question for real fans. Think you know the answer? Tap through and play the full free quiz on kpopquiz.org to find out. Hundreds of fan-made K-pop quizzes, no signup, always free.","https://kpopquiz.org/bts-quiz?utm_source=pinterest&utm_medium=pin&utm_campaign=q222","2026-08-22T14:00:00","bts, kpop quiz, kpop trivia, bts quiz, bts fan, kpop game, kpop challenge"
"BLACKPINK quiz: can you get this one right?","https://rdkgouofytwfdpbxbzio.supabase.co/storage/v1/object/public/pinterest-question-pins/q-blackpink-223.png","BLACKPINK Quizzes","","A BLACKPINK question for real fans. Think you know the answer? Tap through and play the full free quiz on kpopquiz.org to find out. Hundreds of fan-made K-pop quizzes, no signup, always free.","https://kpopquiz.org/blackpink-quiz?utm_source=pinterest&utm_medium=pin&utm_campaign=q223","2026-08-22T15:00:00","blackpink, kpop quiz, kpop trivia, blackpink quiz, blackpink fan, kpop game, kpop challenge"
"Only real aespa fans get this","https://rdkgouofytwfdpbxbzio.supabase.co/storage/v1/object/public/pinterest-question-pins/q-aespa-224.png","aespa Quizzes","","A aespa question for real fans. Think you know the answer? Tap through and play the full free quiz on kpopquiz.org to find out. Hundreds of fan-made K-pop quizzes, no signup, always free.","https://kpopquiz.org/aespa-quiz?utm_source=pinterest&utm_medium=pin&utm_campaign=q224","2026-08-22T16:00:00","aespa, kpop quiz, kpop trivia, aespa quiz, aespa fan, kpop game, kpop challenge"
"Test your TWICE knowledge","https://rdkgouofytwfdpbxbzio.supabase.co/storage/v1/object/public/pinterest-question-pins/q-twice-225.png","TWICE Quizzes","","A TWICE question for real fans. Think you know the answer? Tap through and play the full free quiz on kpopquiz.org to find out. Hundreds of fan-made K-pop quizzes, no signup, always free.","https://kpopquiz.org/twice-quiz?utm_source=pinterest&utm_medium=pin&utm_campaign=q225","2026-08-22T17:00:00","twice, kpop quiz, kpop trivia, twice quiz, twice fan, kpop game, kpop challenge"
"SEVENTEEN trivia: do you know the answer?","https://rdkgouofytwfdpbxbzio.supabase.co/storage/v1/object/public/pinterest-question-pins/q-seventeen-226.png","SEVENTEEN Quizzes","","A SEVENTEEN question for real fans. Think you know the answer? Tap through and play the full free quiz on kpopquiz.org to find out. Hundreds of fan-made K-pop quizzes, no signup, always free.","https://kpopquiz.org/seventeen-quiz?utm_source=pinterest&utm_medium=pin&utm_campaign=q226","2026-08-22T18:00:00","seventeen, kpop quiz, kpop trivia, seventeen quiz, seventeen fan, kpop game, kpop challenge"
"Can you pass this NewJeans question?","https://rdkgouofytwfdpbxbzio.supabase.co/storage/v1/object/public/pinterest-question-pins/q-newjeans-227.png","NewJeans Quizzes","","A NewJeans question for real fans. Think you know the answer? Tap through and play the full free quiz on kpopquiz.org to find out. Hundreds of fan-made K-pop quizzes, no signup, always free.","https://kpopquiz.org/newjeans-quiz?utm_source=pinterest&utm_medium=pin&utm_campaign=q227","2026-08-22T19:00:00","newjeans, kpop quiz, kpop trivia, newjeans quiz, newjeans fan, kpop game, kpop challenge"
"How well do you know LOONA?","https://rdkgouofytwfdpbxbzio.supabase.co/storage/v1/object/public/pinterest-question-pins/q-loona-228.png","K-pop Quizzes","","A LOONA question for real fans. Think you know the answer? Tap through and play the full free quiz on kpopquiz.org to find out. Hundreds of fan-made K-pop quizzes, no signup, always free.","https://kpopquiz.org/loona-quiz?utm_source=pinterest&utm_medium=pin&utm_campaign=q228","2026-08-23T08:00:00","loona, kpop quiz, kpop trivia, loona quiz, loona fan, kpop game, kpop challenge"
"EXO quiz: can you get this one right?","https://rdkgouofytwfdpbxbzio.supabase.co/storage/v1/object/public/pinterest-question-pins/q-exo-229.png","EXO Quizzes","","A EXO question for real fans. Think you know the answer? Tap through and play the full free quiz on kpopquiz.org to find out. Hundreds of fan-made K-pop quizzes, no signup, always free.","https://kpopquiz.org/exo-quiz?utm_source=pinterest&utm_medium=pin&utm_campaign=q229","2026-08-23T09:00:00","exo, kpop quiz, kpop trivia, exo quiz, exo fan, kpop game, kpop challenge"
"Only real IVE fans get this","https://rdkgouofytwfdpbxbzio.supabase.co/storage/v1/object/public/pinterest-question-pins/q-ive-230.png","IVE Quizzes","","A IVE question for real fans. Think you know the answer? Tap through and play the full free quiz on kpopquiz.org to find out. Hundreds of fan-made K-pop quizzes, no signup, always free.","https://kpopquiz.org/ive-quiz?utm_source=pinterest&utm_medium=pin&utm_campaign=q230","2026-08-23T10:00:00","ive, kpop quiz, kpop trivia, ive quiz, ive fan, kpop game, kpop challenge"
"Test your (G)I-DLE knowledge","https://rdkgouofytwfdpbxbzio.supabase.co/storage/v1/object/public/pinterest-question-pins/q-g-i-dle-231.png","(G)I-DLE Quizzes","","A (G)I-DLE question for real fans. Think you know the answer? Tap through and play the full free quiz on kpopquiz.org to find out. Hundreds of fan-made K-pop quizzes, no signup, always free.","https://kpopquiz.org/g-i-dle-quiz?utm_source=pinterest&utm_medium=pin&utm_campaign=q231","2026-08-23T11:00:00","(g)i-dle, kpop quiz, kpop trivia, (g)i-dle quiz, (g)i-dle fan, kpop game, kpop challenge"
"TXT trivia: do you know the answer?","https://rdkgouofytwfdpbxbzio.supabase.co/storage/v1/object/public/pinterest-question-pins/q-txt-232.png","TXT Quizzes","","A TXT question for real fans. Think you know the answer? Tap through and play the full free quiz on kpopquiz.org to find out. Hundreds of fan-made K-pop quizzes, no signup, always free.","https://kpopquiz.org/txt-quiz?utm_source=pinterest&utm_medium=pin&utm_campaign=q232","2026-08-23T12:00:00","txt, kpop quiz, kpop trivia, txt quiz, txt fan, kpop game, kpop challenge"
"Can you pass this Red Velvet question?","https://rdkgouofytwfdpbxbzio.supabase.co/storage/v1/object/public/pinterest-question-pins/q-red-velvet-233.png","Red Velvet Quizzes","","A Red Velvet question for real fans. Think you know the answer? Tap through and play the full free quiz on kpopquiz.org to find out. Hundreds of fan-made K-pop quizzes, no signup, always free.","https://kpopquiz.org/red-velvet-quiz?utm_source=pinterest&utm_medium=pin&utm_campaign=q233","2026-08-23T13:00:00","red velvet, kpop quiz, kpop trivia, red velvet quiz, red velvet fan, kpop game, kpop challenge"
"How well do you know ITZY?","https://rdkgouofytwfdpbxbzio.supabase.co/storage/v1/object/public/pinterest-question-pins/q-itzy-234.png","ITZY Quizzes","","A ITZY question for real fans. Think you know the answer? Tap through and play the full free quiz on kpopquiz.org to find out. Hundreds of fan-made K-pop quizzes, no signup, always free.","https://kpopquiz.org/itzy-quiz?utm_source=pinterest&utm_medium=pin&utm_campaign=q234","2026-08-23T14:00:00","itzy, kpop quiz, kpop trivia, itzy quiz, itzy fan, kpop game, kpop challenge"
"ILLIT quiz: can you get this one right?","https://rdkgouofytwfdpbxbzio.supabase.co/storage/v1/object/public/pinterest-question-pins/q-illit-235.png","K-pop Quizzes","","A ILLIT question for real fans. Think you know the answer? Tap through and play the full free quiz on kpopquiz.org to find out. Hundreds of fan-made K-pop quizzes, no signup, always free.","https://kpopquiz.org/illit-quiz?utm_source=pinterest&utm_medium=pin&utm_campaign=q235","2026-08-23T15:00:00","illit, kpop quiz, kpop trivia, illit quiz, illit fan, kpop game, kpop challenge"
"Only real ENHYPEN fans get this","https://rdkgouofytwfdpbxbzio.supabase.co/storage/v1/object/public/pinterest-question-pins/q-enhypen-236.png","ENHYPEN Quizzes","","A ENHYPEN question for real fans. Think you know the answer? Tap through and play the full free quiz on kpopquiz.org to find out. Hundreds of fan-made K-pop quizzes, no signup, always free.","https://kpopquiz.org/enhypen-quiz?utm_source=pinterest&utm_medium=pin&utm_campaign=q236","2026-08-23T16:00:00","enhypen, kpop quiz, kpop trivia, enhypen quiz, enhypen fan, kpop game, kpop challenge"
"Test your SHINee knowledge","https://rdkgouofytwfdpbxbzio.supabase.co/storage/v1/object/public/pinterest-question-pins/q-shinee-237.png","K-pop Quizzes","","A SHINee question for real fans. Think you know the answer? Tap through and play the full free quiz on kpopquiz.org to find out. Hundreds of fan-made K-pop quizzes, no signup, always free.","https://kpopquiz.org/shinee-quiz?utm_source=pinterest&utm_medium=pin&utm_campaign=q237","2026-08-23T17:00:00","shinee, kpop quiz, kpop trivia, shinee quiz, shinee fan, kpop game, kpop challenge"
"KickFlip trivia: do you know the answer?","https://rdkgouofytwfdpbxbzio.supabase.co/storage/v1/object/public/pinterest-question-pins/q-kickflip-238.png","K-pop Quizzes","","A KickFlip question for real fans. Think you know the answer? Tap through and play the full free quiz on kpopquiz.org to find out. Hundreds of fan-made K-pop quizzes, no signup, always free.","https://kpopquiz.org/kickflip-quiz?utm_source=pinterest&utm_medium=pin&utm_campaign=q238","2026-08-23T18:00:00","kickflip, kpop quiz, kpop trivia, kickflip quiz, kickflip fan, kpop game, kpop challenge"
"Can you pass this Cortis question?","https://rdkgouofytwfdpbxbzio.supabase.co/storage/v1/object/public/pinterest-question-pins/q-cortis-239.png","K-pop Quizzes","","A Cortis question for real fans. Think you know the answer? Tap through and play the full free quiz on kpopquiz.org to find out. Hundreds of fan-made K-pop quizzes, no signup, always free.","https://kpopquiz.org/cortis-quiz?utm_source=pinterest&utm_medium=pin&utm_campaign=q239","2026-08-23T19:00:00","cortis, kpop quiz, kpop trivia, cortis quiz, cortis fan, kpop game, kpop challenge"
"How well do you know ARTMS?","https://rdkgouofytwfdpbxbzio.supabase.co/storage/v1/object/public/pinterest-question-pins/q-artms-240.png","K-pop Quizzes","","A ARTMS question for real fans. Think you know the answer? Tap through and play the full free quiz on kpopquiz.org to find out. Hundreds of fan-made K-pop quizzes, no signup, always free.","https://kpopquiz.org/artms-quiz?utm_source=pinterest&utm_medium=pin&utm_campaign=q240","2026-08-24T08:00:00","artms, kpop quiz, kpop trivia, artms quiz, artms fan, kpop game, kpop challenge"
"LE SSERAFIM quiz: can you get this one right?","https://rdkgouofytwfdpbxbzio.supabase.co/storage/v1/object/public/pinterest-question-pins/q-le-sserafim-241.png","LE SSERAFIM Quizzes","","A LE SSERAFIM question for real fans. Think you know the answer? Tap through and play the full free quiz on kpopquiz.org to find out. Hundreds of fan-made K-pop quizzes, no signup, always free.","https://kpopquiz.org/le-sserafim-quiz?utm_source=pinterest&utm_medium=pin&utm_campaign=q241","2026-08-24T09:00:00","le sserafim, kpop quiz, kpop trivia, le sserafim quiz, le sserafim fan, kpop game, kpop challenge"
"Only real NCT fans get this","https://rdkgouofytwfdpbxbzio.supabase.co/storage/v1/object/public/pinterest-question-pins/q-nct-242.png","NCT Quizzes","","A NCT question for real fans. Think you know the answer? Tap through and play the full free quiz on kpopquiz.org to find out. Hundreds of fan-made K-pop quizzes, no signup, always free.","https://kpopquiz.org/nct-quiz?utm_source=pinterest&utm_medium=pin&utm_campaign=q242","2026-08-24T10:00:00","nct, kpop quiz, kpop trivia, nct quiz, nct fan, kpop game, kpop challenge"
"Test your GOT7 knowledge","https://rdkgouofytwfdpbxbzio.supabase.co/storage/v1/object/public/pinterest-question-pins/q-got7-243.png","K-pop Quizzes","","A GOT7 question for real fans. Think you know the answer? Tap through and play the full free quiz on kpopquiz.org to find out. Hundreds of fan-made K-pop quizzes, no signup, always free.","https://kpopquiz.org/got7-quiz?utm_source=pinterest&utm_medium=pin&utm_campaign=q243","2026-08-24T11:00:00","got7, kpop quiz, kpop trivia, got7 quiz, got7 fan, kpop game, kpop challenge"
"Loossemble trivia: do you know the answer?","https://rdkgouofytwfdpbxbzio.supabase.co/storage/v1/object/public/pinterest-question-pins/q-loossemble-244.png","K-pop Quizzes","","A Loossemble question for real fans. Think you know the answer? Tap through and play the full free quiz on kpopquiz.org to find out. Hundreds of fan-made K-pop quizzes, no signup, always free.","https://kpopquiz.org/loossemble-quiz?utm_source=pinterest&utm_medium=pin&utm_campaign=q244","2026-08-24T12:00:00","loossemble, kpop quiz, kpop trivia, loossemble quiz, loossemble fan, kpop game, kpop challenge"
"Can you pass this MAMAMOO question?","https://rdkgouofytwfdpbxbzio.supabase.co/storage/v1/object/public/pinterest-question-pins/q-mamamoo-245.png","K-pop Quizzes","","A MAMAMOO question for real fans. Think you know the answer? Tap through and play the full free quiz on kpopquiz.org to find out. Hundreds of fan-made K-pop quizzes, no signup, always free.","https://kpopquiz.org/mamamoo-quiz?utm_source=pinterest&utm_medium=pin&utm_campaign=q245","2026-08-24T13:00:00","mamamoo, kpop quiz, kpop trivia, mamamoo quiz, mamamoo fan, kpop game, kpop challenge"
"How well do you know BABYMONSTER?","https://rdkgouofytwfdpbxbzio.supabase.co/storage/v1/object/public/pinterest-question-pins/q-babymonster-246.png","K-pop Quizzes","","A BABYMONSTER question for real fans. Think you know the answer? Tap through and play the full free quiz on kpopquiz.org to find out. Hundreds of fan-made K-pop quizzes, no signup, always free.","https://kpopquiz.org/babymonster-quiz?utm_source=pinterest&utm_medium=pin&utm_campaign=q246","2026-08-24T14:00:00","babymonster, kpop quiz, kpop trivia, babymonster quiz, babymonster fan, kpop game, kpop challenge"
"MONSTA X quiz: can you get this one right?","https://rdkgouofytwfdpbxbzio.supabase.co/storage/v1/object/public/pinterest-question-pins/q-monsta-x-247.png","K-pop Quizzes","","A MONSTA X question for real fans. Think you know the answer? Tap through and play the full free quiz on kpopquiz.org to find out. Hundreds of fan-made K-pop quizzes, no signup, always free.","https://kpopquiz.org/monsta-x-quiz?utm_source=pinterest&utm_medium=pin&utm_campaign=q247","2026-08-24T15:00:00","monsta x, kpop quiz, kpop trivia, monsta x quiz, monsta x fan, kpop game, kpop challenge"
"Only real XIKERS fans get this","https://rdkgouofytwfdpbxbzio.supabase.co/storage/v1/object/public/pinterest-question-pins/q-xikers-248.png","K-pop Quizzes","","A XIKERS question for real fans. Think you know the answer? Tap through and play the full free quiz on kpopquiz.org to find out. Hundreds of fan-made K-pop quizzes, no signup, always free.","https://kpopquiz.org/xikers-quiz?utm_source=pinterest&utm_medium=pin&utm_campaign=q248","2026-08-24T16:00:00","xikers, kpop quiz, kpop trivia, xikers quiz, xikers fan, kpop game, kpop challenge"
"Test your ASTRO knowledge","https://rdkgouofytwfdpbxbzio.supabase.co/storage/v1/object/public/pinterest-question-pins/q-astro-249.png","K-pop Quizzes","","A ASTRO question for real fans. Think you know the answer? Tap through and play the full free quiz on kpopquiz.org to find out. Hundreds of fan-made K-pop quizzes, no signup, always free.","https://kpopquiz.org/astro-quiz?utm_source=pinterest&utm_medium=pin&utm_campaign=q249","2026-08-24T17:00:00","astro, kpop quiz, kpop trivia, astro quiz, astro fan, kpop game, kpop challenge"
"TREASURE trivia: do you know the answer?","https://rdkgouofytwfdpbxbzio.supabase.co/storage/v1/object/public/pinterest-question-pins/q-treasure-250.png","K-pop Quizzes","","A TREASURE question for real fans. Think you know the answer? Tap through and play the full free quiz on kpopquiz.org to find out. Hundreds of fan-made K-pop quizzes, no signup, always free.","https://kpopquiz.org/treasure-quiz?utm_source=pinterest&utm_medium=pin&utm_campaign=q250","2026-08-24T18:00:00","treasure, kpop quiz, kpop trivia, treasure quiz, treasure fan, kpop game, kpop challenge"
"Can you pass this AKMU question?","https://rdkgouofytwfdpbxbzio.supabase.co/storage/v1/object/public/pinterest-question-pins/q-akmu-251.png","K-pop Quizzes","","A AKMU question for real fans. Think you know the answer? Tap through and play the full free quiz on kpopquiz.org to find out. Hundreds of fan-made K-pop quizzes, no signup, always free.","https://kpopquiz.org/akmu-quiz?utm_source=pinterest&utm_medium=pin&utm_campaign=q251","2026-08-24T19:00:00","akmu, kpop quiz, kpop trivia, akmu quiz, akmu fan, kpop game, kpop challenge"
"How well do you know TWS?","https://rdkgouofytwfdpbxbzio.supabase.co/storage/v1/object/public/pinterest-question-pins/q-tws-252.png","K-pop Quizzes","","A TWS question for real fans. Think you know the answer? Tap through and play the full free quiz on kpopquiz.org to find out. Hundreds of fan-made K-pop quizzes, no signup, always free.","https://kpopquiz.org/tws-quiz?utm_source=pinterest&utm_medium=pin&utm_campaign=q252","2026-08-25T08:00:00","tws, kpop quiz, kpop trivia, tws quiz, tws fan, kpop game, kpop challenge"
"Test your K-pop knowledge","https://rdkgouofytwfdpbxbzio.supabase.co/storage/v1/object/public/pinterest-question-pins/q-general-kpop-253.png","K-pop Quizzes","","A K-pop question for real fans. Think you know the answer? Tap through and play the full free quiz on kpopquiz.org to find out. Hundreds of fan-made K-pop quizzes, no signup, always free.","https://kpopquiz.org?utm_source=pinterest&utm_medium=pin&utm_campaign=q253","2026-08-25T09:00:00","kpop, kpop quiz, kpop trivia, kpop fan, kpop game, kpop challenge"
"Only real ATEEZ fans get this","https://rdkgouofytwfdpbxbzio.supabase.co/storage/v1/object/public/pinterest-question-pins/q-ateez-254.png","ATEEZ Quizzes","","A ATEEZ question for real fans. Think you know the answer? Tap through and play the full free quiz on kpopquiz.org to find out. Hundreds of fan-made K-pop quizzes, no signup, always free.","https://kpopquiz.org/ateez-quiz?utm_source=pinterest&utm_medium=pin&utm_campaign=q254","2026-08-25T10:00:00","ateez, kpop quiz, kpop trivia, ateez quiz, ateez fan, kpop game, kpop challenge"
"Test your Stray Kids knowledge","https://rdkgouofytwfdpbxbzio.supabase.co/storage/v1/object/public/pinterest-question-pins/q-stray-kids-255.png","Stray Kids Quizzes","","A Stray Kids question for real fans. Think you know the answer? Tap through and play the full free quiz on kpopquiz.org to find out. Hundreds of fan-made K-pop quizzes, no signup, always free.","https://kpopquiz.org/stray-kids-quiz?utm_source=pinterest&utm_medium=pin&utm_campaign=q255","2026-08-25T11:00:00","stray kids, kpop quiz, kpop trivia, stray kids quiz, stray kids fan, kpop game, kpop challenge"
"BTS trivia: do you know the answer?","https://rdkgouofytwfdpbxbzio.supabase.co/storage/v1/object/public/pinterest-question-pins/q-bts-256.png","BTS Quizzes","","A BTS question for real fans. Think you know the answer? Tap through and play the full free quiz on kpopquiz.org to find out. Hundreds of fan-made K-pop quizzes, no signup, always free.","https://kpopquiz.org/bts-quiz?utm_source=pinterest&utm_medium=pin&utm_campaign=q256","2026-08-25T12:00:00","bts, kpop quiz, kpop trivia, bts quiz, bts fan, kpop game, kpop challenge"
"Can you pass this BLACKPINK question?","https://rdkgouofytwfdpbxbzio.supabase.co/storage/v1/object/public/pinterest-question-pins/q-blackpink-257.png","BLACKPINK Quizzes","","A BLACKPINK question for real fans. Think you know the answer? Tap through and play the full free quiz on kpopquiz.org to find out. Hundreds of fan-made K-pop quizzes, no signup, always free.","https://kpopquiz.org/blackpink-quiz?utm_source=pinterest&utm_medium=pin&utm_campaign=q257","2026-08-25T13:00:00","blackpink, kpop quiz, kpop trivia, blackpink quiz, blackpink fan, kpop game, kpop challenge"
"How well do you know aespa?","https://rdkgouofytwfdpbxbzio.supabase.co/storage/v1/object/public/pinterest-question-pins/q-aespa-258.png","aespa Quizzes","","A aespa question for real fans. Think you know the answer? Tap through and play the full free quiz on kpopquiz.org to find out. Hundreds of fan-made K-pop quizzes, no signup, always free.","https://kpopquiz.org/aespa-quiz?utm_source=pinterest&utm_medium=pin&utm_campaign=q258","2026-08-25T14:00:00","aespa, kpop quiz, kpop trivia, aespa quiz, aespa fan, kpop game, kpop challenge"
"TWICE quiz: can you get this one right?","https://rdkgouofytwfdpbxbzio.supabase.co/storage/v1/object/public/pinterest-question-pins/q-twice-259.png","TWICE Quizzes","","A TWICE question for real fans. Think you know the answer? Tap through and play the full free quiz on kpopquiz.org to find out. Hundreds of fan-made K-pop quizzes, no signup, always free.","https://kpopquiz.org/twice-quiz?utm_source=pinterest&utm_medium=pin&utm_campaign=q259","2026-08-25T15:00:00","twice, kpop quiz, kpop trivia, twice quiz, twice fan, kpop game, kpop challenge"
"Only real SEVENTEEN fans get this","https://rdkgouofytwfdpbxbzio.supabase.co/storage/v1/object/public/pinterest-question-pins/q-seventeen-260.png","SEVENTEEN Quizzes","","A SEVENTEEN question for real fans. Think you know the answer? Tap through and play the full free quiz on kpopquiz.org to find out. Hundreds of fan-made K-pop quizzes, no signup, always free.","https://kpopquiz.org/seventeen-quiz?utm_source=pinterest&utm_medium=pin&utm_campaign=q260","2026-08-25T16:00:00","seventeen, kpop quiz, kpop trivia, seventeen quiz, seventeen fan, kpop game, kpop challenge"
"Test your NewJeans knowledge","https://rdkgouofytwfdpbxbzio.supabase.co/storage/v1/object/public/pinterest-question-pins/q-newjeans-261.png","NewJeans Quizzes","","A NewJeans question for real fans. Think you know the answer? Tap through and play the full free quiz on kpopquiz.org to find out. Hundreds of fan-made K-pop quizzes, no signup, always free.","https://kpopquiz.org/newjeans-quiz?utm_source=pinterest&utm_medium=pin&utm_campaign=q261","2026-08-25T17:00:00","newjeans, kpop quiz, kpop trivia, newjeans quiz, newjeans fan, kpop game, kpop challenge"
"LOONA trivia: do you know the answer?","https://rdkgouofytwfdpbxbzio.supabase.co/storage/v1/object/public/pinterest-question-pins/q-loona-262.png","K-pop Quizzes","","A LOONA question for real fans. Think you know the answer? Tap through and play the full free quiz on kpopquiz.org to find out. Hundreds of fan-made K-pop quizzes, no signup, always free.","https://kpopquiz.org/loona-quiz?utm_source=pinterest&utm_medium=pin&utm_campaign=q262","2026-08-25T18:00:00","loona, kpop quiz, kpop trivia, loona quiz, loona fan, kpop game, kpop challenge"
"Can you pass this EXO question?","https://rdkgouofytwfdpbxbzio.supabase.co/storage/v1/object/public/pinterest-question-pins/q-exo-263.png","EXO Quizzes","","A EXO question for real fans. Think you know the answer? Tap through and play the full free quiz on kpopquiz.org to find out. Hundreds of fan-made K-pop quizzes, no signup, always free.","https://kpopquiz.org/exo-quiz?utm_source=pinterest&utm_medium=pin&utm_campaign=q263","2026-08-25T19:00:00","exo, kpop quiz, kpop trivia, exo quiz, exo fan, kpop game, kpop challenge"
"How well do you know IVE?","https://rdkgouofytwfdpbxbzio.supabase.co/storage/v1/object/public/pinterest-question-pins/q-ive-264.png","IVE Quizzes","","A IVE question for real fans. Think you know the answer? Tap through and play the full free quiz on kpopquiz.org to find out. Hundreds of fan-made K-pop quizzes, no signup, always free.","https://kpopquiz.org/ive-quiz?utm_source=pinterest&utm_medium=pin&utm_campaign=q264","2026-08-26T08:00:00","ive, kpop quiz, kpop trivia, ive quiz, ive fan, kpop game, kpop challenge"
"(G)I-DLE quiz: can you get this one right?","https://rdkgouofytwfdpbxbzio.supabase.co/storage/v1/object/public/pinterest-question-pins/q-g-i-dle-265.png","(G)I-DLE Quizzes","","A (G)I-DLE question for real fans. Think you know the answer? Tap through and play the full free quiz on kpopquiz.org to find out. Hundreds of fan-made K-pop quizzes, no signup, always free.","https://kpopquiz.org/g-i-dle-quiz?utm_source=pinterest&utm_medium=pin&utm_campaign=q265","2026-08-26T09:00:00","(g)i-dle, kpop quiz, kpop trivia, (g)i-dle quiz, (g)i-dle fan, kpop game, kpop challenge"
"Only real TXT fans get this","https://rdkgouofytwfdpbxbzio.supabase.co/storage/v1/object/public/pinterest-question-pins/q-txt-266.png","TXT Quizzes","","A TXT question for real fans. Think you know the answer? Tap through and play the full free quiz on kpopquiz.org to find out. Hundreds of fan-made K-pop quizzes, no signup, always free.","https://kpopquiz.org/txt-quiz?utm_source=pinterest&utm_medium=pin&utm_campaign=q266","2026-08-26T10:00:00","txt, kpop quiz, kpop trivia, txt quiz, txt fan, kpop game, kpop challenge"
"Test your Red Velvet knowledge","https://rdkgouofytwfdpbxbzio.supabase.co/storage/v1/object/public/pinterest-question-pins/q-red-velvet-267.png","Red Velvet Quizzes","","A Red Velvet question for real fans. Think you know the answer? Tap through and play the full free quiz on kpopquiz.org to find out. Hundreds of fan-made K-pop quizzes, no signup, always free.","https://kpopquiz.org/red-velvet-quiz?utm_source=pinterest&utm_medium=pin&utm_campaign=q267","2026-08-26T11:00:00","red velvet, kpop quiz, kpop trivia, red velvet quiz, red velvet fan, kpop game, kpop challenge"
"ITZY trivia: do you know the answer?","https://rdkgouofytwfdpbxbzio.supabase.co/storage/v1/object/public/pinterest-question-pins/q-itzy-268.png","ITZY Quizzes","","A ITZY question for real fans. Think you know the answer? Tap through and play the full free quiz on kpopquiz.org to find out. Hundreds of fan-made K-pop quizzes, no signup, always free.","https://kpopquiz.org/itzy-quiz?utm_source=pinterest&utm_medium=pin&utm_campaign=q268","2026-08-26T12:00:00","itzy, kpop quiz, kpop trivia, itzy quiz, itzy fan, kpop game, kpop challenge"
"Can you pass this ILLIT question?","https://rdkgouofytwfdpbxbzio.supabase.co/storage/v1/object/public/pinterest-question-pins/q-illit-269.png","K-pop Quizzes","","A ILLIT question for real fans. Think you know the answer? Tap through and play the full free quiz on kpopquiz.org to find out. Hundreds of fan-made K-pop quizzes, no signup, always free.","https://kpopquiz.org/illit-quiz?utm_source=pinterest&utm_medium=pin&utm_campaign=q269","2026-08-26T13:00:00","illit, kpop quiz, kpop trivia, illit quiz, illit fan, kpop game, kpop challenge"
"How well do you know ENHYPEN?","https://rdkgouofytwfdpbxbzio.supabase.co/storage/v1/object/public/pinterest-question-pins/q-enhypen-270.png","ENHYPEN Quizzes","","A ENHYPEN question for real fans. Think you know the answer? Tap through and play the full free quiz on kpopquiz.org to find out. Hundreds of fan-made K-pop quizzes, no signup, always free.","https://kpopquiz.org/enhypen-quiz?utm_source=pinterest&utm_medium=pin&utm_campaign=q270","2026-08-26T14:00:00","enhypen, kpop quiz, kpop trivia, enhypen quiz, enhypen fan, kpop game, kpop challenge"
"SHINee quiz: can you get this one right?","https://rdkgouofytwfdpbxbzio.supabase.co/storage/v1/object/public/pinterest-question-pins/q-shinee-271.png","K-pop Quizzes","","A SHINee question for real fans. Think you know the answer? Tap through and play the full free quiz on kpopquiz.org to find out. Hundreds of fan-made K-pop quizzes, no signup, always free.","https://kpopquiz.org/shinee-quiz?utm_source=pinterest&utm_medium=pin&utm_campaign=q271","2026-08-26T15:00:00","shinee, kpop quiz, kpop trivia, shinee quiz, shinee fan, kpop game, kpop challenge"
"Only real KickFlip fans get this","https://rdkgouofytwfdpbxbzio.supabase.co/storage/v1/object/public/pinterest-question-pins/q-kickflip-272.png","K-pop Quizzes","","A KickFlip question for real fans. Think you know the answer? Tap through and play the full free quiz on kpopquiz.org to find out. Hundreds of fan-made K-pop quizzes, no signup, always free.","https://kpopquiz.org/kickflip-quiz?utm_source=pinterest&utm_medium=pin&utm_campaign=q272","2026-08-26T16:00:00","kickflip, kpop quiz, kpop trivia, kickflip quiz, kickflip fan, kpop game, kpop challenge"
"Test your Cortis knowledge","https://rdkgouofytwfdpbxbzio.supabase.co/storage/v1/object/public/pinterest-question-pins/q-cortis-273.png","K-pop Quizzes","","A Cortis question for real fans. Think you know the answer? Tap through and play the full free quiz on kpopquiz.org to find out. Hundreds of fan-made K-pop quizzes, no signup, always free.","https://kpopquiz.org/cortis-quiz?utm_source=pinterest&utm_medium=pin&utm_campaign=q273","2026-08-26T17:00:00","cortis, kpop quiz, kpop trivia, cortis quiz, cortis fan, kpop game, kpop challenge"
"ARTMS trivia: do you know the answer?","https://rdkgouofytwfdpbxbzio.supabase.co/storage/v1/object/public/pinterest-question-pins/q-artms-274.png","K-pop Quizzes","","A ARTMS question for real fans. Think you know the answer? Tap through and play the full free quiz on kpopquiz.org to find out. Hundreds of fan-made K-pop quizzes, no signup, always free.","https://kpopquiz.org/artms-quiz?utm_source=pinterest&utm_medium=pin&utm_campaign=q274","2026-08-26T18:00:00","artms, kpop quiz, kpop trivia, artms quiz, artms fan, kpop game, kpop challenge"
"Can you pass this LE SSERAFIM question?","https://rdkgouofytwfdpbxbzio.supabase.co/storage/v1/object/public/pinterest-question-pins/q-le-sserafim-275.png","LE SSERAFIM Quizzes","","A LE SSERAFIM question for real fans. Think you know the answer? Tap through and play the full free quiz on kpopquiz.org to find out. Hundreds of fan-made K-pop quizzes, no signup, always free.","https://kpopquiz.org/le-sserafim-quiz?utm_source=pinterest&utm_medium=pin&utm_campaign=q275","2026-08-26T19:00:00","le sserafim, kpop quiz, kpop trivia, le sserafim quiz, le sserafim fan, kpop game, kpop challenge"
"How well do you know NCT?","https://rdkgouofytwfdpbxbzio.supabase.co/storage/v1/object/public/pinterest-question-pins/q-nct-276.png","NCT Quizzes","","A NCT question for real fans. Think you know the answer? Tap through and play the full free quiz on kpopquiz.org to find out. Hundreds of fan-made K-pop quizzes, no signup, always free.","https://kpopquiz.org/nct-quiz?utm_source=pinterest&utm_medium=pin&utm_campaign=q276","2026-08-27T08:00:00","nct, kpop quiz, kpop trivia, nct quiz, nct fan, kpop game, kpop challenge"
"GOT7 quiz: can you get this one right?","https://rdkgouofytwfdpbxbzio.supabase.co/storage/v1/object/public/pinterest-question-pins/q-got7-277.png","K-pop Quizzes","","A GOT7 question for real fans. Think you know the answer? Tap through and play the full free quiz on kpopquiz.org to find out. Hundreds of fan-made K-pop quizzes, no signup, always free.","https://kpopquiz.org/got7-quiz?utm_source=pinterest&utm_medium=pin&utm_campaign=q277","2026-08-27T09:00:00","got7, kpop quiz, kpop trivia, got7 quiz, got7 fan, kpop game, kpop challenge"
"Only real Loossemble fans get this","https://rdkgouofytwfdpbxbzio.supabase.co/storage/v1/object/public/pinterest-question-pins/q-loossemble-278.png","K-pop Quizzes","","A Loossemble question for real fans. Think you know the answer? Tap through and play the full free quiz on kpopquiz.org to find out. Hundreds of fan-made K-pop quizzes, no signup, always free.","https://kpopquiz.org/loossemble-quiz?utm_source=pinterest&utm_medium=pin&utm_campaign=q278","2026-08-27T10:00:00","loossemble, kpop quiz, kpop trivia, loossemble quiz, loossemble fan, kpop game, kpop challenge"
"Test your MAMAMOO knowledge","https://rdkgouofytwfdpbxbzio.supabase.co/storage/v1/object/public/pinterest-question-pins/q-mamamoo-279.png","K-pop Quizzes","","A MAMAMOO question for real fans. Think you know the answer? Tap through and play the full free quiz on kpopquiz.org to find out. Hundreds of fan-made K-pop quizzes, no signup, always free.","https://kpopquiz.org/mamamoo-quiz?utm_source=pinterest&utm_medium=pin&utm_campaign=q279","2026-08-27T11:00:00","mamamoo, kpop quiz, kpop trivia, mamamoo quiz, mamamoo fan, kpop game, kpop challenge"
"BABYMONSTER trivia: do you know the answer?","https://rdkgouofytwfdpbxbzio.supabase.co/storage/v1/object/public/pinterest-question-pins/q-babymonster-280.png","K-pop Quizzes","","A BABYMONSTER question for real fans. Think you know the answer? Tap through and play the full free quiz on kpopquiz.org to find out. Hundreds of fan-made K-pop quizzes, no signup, always free.","https://kpopquiz.org/babymonster-quiz?utm_source=pinterest&utm_medium=pin&utm_campaign=q280","2026-08-27T12:00:00","babymonster, kpop quiz, kpop trivia, babymonster quiz, babymonster fan, kpop game, kpop challenge"
"Can you pass this MONSTA X question?","https://rdkgouofytwfdpbxbzio.supabase.co/storage/v1/object/public/pinterest-question-pins/q-monsta-x-281.png","K-pop Quizzes","","A MONSTA X question for real fans. Think you know the answer? Tap through and play the full free quiz on kpopquiz.org to find out. Hundreds of fan-made K-pop quizzes, no signup, always free.","https://kpopquiz.org/monsta-x-quiz?utm_source=pinterest&utm_medium=pin&utm_campaign=q281","2026-08-27T13:00:00","monsta x, kpop quiz, kpop trivia, monsta x quiz, monsta x fan, kpop game, kpop challenge"
"How well do you know XIKERS?","https://rdkgouofytwfdpbxbzio.supabase.co/storage/v1/object/public/pinterest-question-pins/q-xikers-282.png","K-pop Quizzes","","A XIKERS question for real fans. Think you know the answer? Tap through and play the full free quiz on kpopquiz.org to find out. Hundreds of fan-made K-pop quizzes, no signup, always free.","https://kpopquiz.org/xikers-quiz?utm_source=pinterest&utm_medium=pin&utm_campaign=q282","2026-08-27T14:00:00","xikers, kpop quiz, kpop trivia, xikers quiz, xikers fan, kpop game, kpop challenge"
"ASTRO quiz: can you get this one right?","https://rdkgouofytwfdpbxbzio.supabase.co/storage/v1/object/public/pinterest-question-pins/q-astro-283.png","K-pop Quizzes","","A ASTRO question for real fans. Think you know the answer? Tap through and play the full free quiz on kpopquiz.org to find out. Hundreds of fan-made K-pop quizzes, no signup, always free.","https://kpopquiz.org/astro-quiz?utm_source=pinterest&utm_medium=pin&utm_campaign=q283","2026-08-27T15:00:00","astro, kpop quiz, kpop trivia, astro quiz, astro fan, kpop game, kpop challenge"
"Only real TREASURE fans get this","https://rdkgouofytwfdpbxbzio.supabase.co/storage/v1/object/public/pinterest-question-pins/q-treasure-284.png","K-pop Quizzes","","A TREASURE question for real fans. Think you know the answer? Tap through and play the full free quiz on kpopquiz.org to find out. Hundreds of fan-made K-pop quizzes, no signup, always free.","https://kpopquiz.org/treasure-quiz?utm_source=pinterest&utm_medium=pin&utm_campaign=q284","2026-08-27T16:00:00","treasure, kpop quiz, kpop trivia, treasure quiz, treasure fan, kpop game, kpop challenge"
"Test your AKMU knowledge","https://rdkgouofytwfdpbxbzio.supabase.co/storage/v1/object/public/pinterest-question-pins/q-akmu-285.png","K-pop Quizzes","","A AKMU question for real fans. Think you know the answer? Tap through and play the full free quiz on kpopquiz.org to find out. Hundreds of fan-made K-pop quizzes, no signup, always free.","https://kpopquiz.org/akmu-quiz?utm_source=pinterest&utm_medium=pin&utm_campaign=q285","2026-08-27T17:00:00","akmu, kpop quiz, kpop trivia, akmu quiz, akmu fan, kpop game, kpop challenge"
"K-pop quiz: can you get this right?","https://rdkgouofytwfdpbxbzio.supabase.co/storage/v1/object/public/pinterest-question-pins/q-general-kpop-286.png","K-pop Quizzes","","A K-pop question for real fans. Think you know the answer? Tap through and play the full free quiz on kpopquiz.org to find out. Hundreds of fan-made K-pop quizzes, no signup, always free.","https://kpopquiz.org?utm_source=pinterest&utm_medium=pin&utm_campaign=q286","2026-08-27T18:00:00","kpop, kpop quiz, kpop trivia, kpop fan, kpop game, kpop challenge"
"Can you pass this ATEEZ question?","https://rdkgouofytwfdpbxbzio.supabase.co/storage/v1/object/public/pinterest-question-pins/q-ateez-287.png","ATEEZ Quizzes","","A ATEEZ question for real fans. Think you know the answer? Tap through and play the full free quiz on kpopquiz.org to find out. Hundreds of fan-made K-pop quizzes, no signup, always free.","https://kpopquiz.org/ateez-quiz?utm_source=pinterest&utm_medium=pin&utm_campaign=q287","2026-08-27T19:00:00","ateez, kpop quiz, kpop trivia, ateez quiz, ateez fan, kpop game, kpop challenge"
"How well do you know Stray Kids?","https://rdkgouofytwfdpbxbzio.supabase.co/storage/v1/object/public/pinterest-question-pins/q-stray-kids-288.png","Stray Kids Quizzes","","A Stray Kids question for real fans. Think you know the answer? Tap through and play the full free quiz on kpopquiz.org to find out. Hundreds of fan-made K-pop quizzes, no signup, always free.","https://kpopquiz.org/stray-kids-quiz?utm_source=pinterest&utm_medium=pin&utm_campaign=q288","2026-08-28T08:00:00","stray kids, kpop quiz, kpop trivia, stray kids quiz, stray kids fan, kpop game, kpop challenge"
"BTS quiz: can you get this one right?","https://rdkgouofytwfdpbxbzio.supabase.co/storage/v1/object/public/pinterest-question-pins/q-bts-289.png","BTS Quizzes","","A BTS question for real fans. Think you know the answer? Tap through and play the full free quiz on kpopquiz.org to find out. Hundreds of fan-made K-pop quizzes, no signup, always free.","https://kpopquiz.org/bts-quiz?utm_source=pinterest&utm_medium=pin&utm_campaign=q289","2026-08-28T09:00:00","bts, kpop quiz, kpop trivia, bts quiz, bts fan, kpop game, kpop challenge"
"Only real BLACKPINK fans get this","https://rdkgouofytwfdpbxbzio.supabase.co/storage/v1/object/public/pinterest-question-pins/q-blackpink-290.png","BLACKPINK Quizzes","","A BLACKPINK question for real fans. Think you know the answer? Tap through and play the full free quiz on kpopquiz.org to find out. Hundreds of fan-made K-pop quizzes, no signup, always free.","https://kpopquiz.org/blackpink-quiz?utm_source=pinterest&utm_medium=pin&utm_campaign=q290","2026-08-28T10:00:00","blackpink, kpop quiz, kpop trivia, blackpink quiz, blackpink fan, kpop game, kpop challenge"
"Test your aespa knowledge","https://rdkgouofytwfdpbxbzio.supabase.co/storage/v1/object/public/pinterest-question-pins/q-aespa-291.png","aespa Quizzes","","A aespa question for real fans. Think you know the answer? Tap through and play the full free quiz on kpopquiz.org to find out. Hundreds of fan-made K-pop quizzes, no signup, always free.","https://kpopquiz.org/aespa-quiz?utm_source=pinterest&utm_medium=pin&utm_campaign=q291","2026-08-28T11:00:00","aespa, kpop quiz, kpop trivia, aespa quiz, aespa fan, kpop game, kpop challenge"
"TWICE trivia: do you know the answer?","https://rdkgouofytwfdpbxbzio.supabase.co/storage/v1/object/public/pinterest-question-pins/q-twice-292.png","TWICE Quizzes","","A TWICE question for real fans. Think you know the answer? Tap through and play the full free quiz on kpopquiz.org to find out. Hundreds of fan-made K-pop quizzes, no signup, always free.","https://kpopquiz.org/twice-quiz?utm_source=pinterest&utm_medium=pin&utm_campaign=q292","2026-08-28T12:00:00","twice, kpop quiz, kpop trivia, twice quiz, twice fan, kpop game, kpop challenge"
"Can you pass this SEVENTEEN question?","https://rdkgouofytwfdpbxbzio.supabase.co/storage/v1/object/public/pinterest-question-pins/q-seventeen-293.png","SEVENTEEN Quizzes","","A SEVENTEEN question for real fans. Think you know the answer? Tap through and play the full free quiz on kpopquiz.org to find out. Hundreds of fan-made K-pop quizzes, no signup, always free.","https://kpopquiz.org/seventeen-quiz?utm_source=pinterest&utm_medium=pin&utm_campaign=q293","2026-08-28T13:00:00","seventeen, kpop quiz, kpop trivia, seventeen quiz, seventeen fan, kpop game, kpop challenge"
"How well do you know NewJeans?","https://rdkgouofytwfdpbxbzio.supabase.co/storage/v1/object/public/pinterest-question-pins/q-newjeans-294.png","NewJeans Quizzes","","A NewJeans question for real fans. Think you know the answer? Tap through and play the full free quiz on kpopquiz.org to find out. Hundreds of fan-made K-pop quizzes, no signup, always free.","https://kpopquiz.org/newjeans-quiz?utm_source=pinterest&utm_medium=pin&utm_campaign=q294","2026-08-28T14:00:00","newjeans, kpop quiz, kpop trivia, newjeans quiz, newjeans fan, kpop game, kpop challenge"
"LOONA quiz: can you get this one right?","https://rdkgouofytwfdpbxbzio.supabase.co/storage/v1/object/public/pinterest-question-pins/q-loona-295.png","K-pop Quizzes","","A LOONA question for real fans. Think you know the answer? Tap through and play the full free quiz on kpopquiz.org to find out. Hundreds of fan-made K-pop quizzes, no signup, always free.","https://kpopquiz.org/loona-quiz?utm_source=pinterest&utm_medium=pin&utm_campaign=q295","2026-08-28T15:00:00","loona, kpop quiz, kpop trivia, loona quiz, loona fan, kpop game, kpop challenge"
"Only real EXO fans get this","https://rdkgouofytwfdpbxbzio.supabase.co/storage/v1/object/public/pinterest-question-pins/q-exo-296.png","EXO Quizzes","","A EXO question for real fans. Think you know the answer? Tap through and play the full free quiz on kpopquiz.org to find out. Hundreds of fan-made K-pop quizzes, no signup, always free.","https://kpopquiz.org/exo-quiz?utm_source=pinterest&utm_medium=pin&utm_campaign=q296","2026-08-28T16:00:00","exo, kpop quiz, kpop trivia, exo quiz, exo fan, kpop game, kpop challenge"
"Test your IVE knowledge","https://rdkgouofytwfdpbxbzio.supabase.co/storage/v1/object/public/pinterest-question-pins/q-ive-297.png","IVE Quizzes","","A IVE question for real fans. Think you know the answer? Tap through and play the full free quiz on kpopquiz.org to find out. Hundreds of fan-made K-pop quizzes, no signup, always free.","https://kpopquiz.org/ive-quiz?utm_source=pinterest&utm_medium=pin&utm_campaign=q297","2026-08-28T17:00:00","ive, kpop quiz, kpop trivia, ive quiz, ive fan, kpop game, kpop challenge"
"(G)I-DLE trivia: do you know the answer?","https://rdkgouofytwfdpbxbzio.supabase.co/storage/v1/object/public/pinterest-question-pins/q-g-i-dle-298.png","(G)I-DLE Quizzes","","A (G)I-DLE question for real fans. Think you know the answer? Tap through and play the full free quiz on kpopquiz.org to find out. Hundreds of fan-made K-pop quizzes, no signup, always free.","https://kpopquiz.org/g-i-dle-quiz?utm_source=pinterest&utm_medium=pin&utm_campaign=q298","2026-08-28T18:00:00","(g)i-dle, kpop quiz, kpop trivia, (g)i-dle quiz, (g)i-dle fan, kpop game, kpop challenge"
"Can you pass this TXT question?","https://rdkgouofytwfdpbxbzio.supabase.co/storage/v1/object/public/pinterest-question-pins/q-txt-299.png","TXT Quizzes","","A TXT question for real fans. Think you know the answer? Tap through and play the full free quiz on kpopquiz.org to find out. Hundreds of fan-made K-pop quizzes, no signup, always free.","https://kpopquiz.org/txt-quiz?utm_source=pinterest&utm_medium=pin&utm_campaign=q299","2026-08-28T19:00:00","txt, kpop quiz, kpop trivia, txt quiz, txt fan, kpop game, kpop challenge"
"How well do you know Red Velvet?","https://rdkgouofytwfdpbxbzio.supabase.co/storage/v1/object/public/pinterest-question-pins/q-red-velvet-300.png","Red Velvet Quizzes","","A Red Velvet question for real fans. Think you know the answer? Tap through and play the full free quiz on kpopquiz.org to find out. Hundreds of fan-made K-pop quizzes, no signup, always free.","https://kpopquiz.org/red-velvet-quiz?utm_source=pinterest&utm_medium=pin&utm_campaign=q300","2026-08-29T08:00:00","red velvet, kpop quiz, kpop trivia, red velvet quiz, red velvet fan, kpop game, kpop challenge"
"ITZY quiz: can you get this one right?","https://rdkgouofytwfdpbxbzio.supabase.co/storage/v1/object/public/pinterest-question-pins/q-itzy-301.png","ITZY Quizzes","","A ITZY question for real fans. Think you know the answer? Tap through and play the full free quiz on kpopquiz.org to find out. Hundreds of fan-made K-pop quizzes, no signup, always free.","https://kpopquiz.org/itzy-quiz?utm_source=pinterest&utm_medium=pin&utm_campaign=q301","2026-08-29T09:00:00","itzy, kpop quiz, kpop trivia, itzy quiz, itzy fan, kpop game, kpop challenge"
"Only real ILLIT fans get this","https://rdkgouofytwfdpbxbzio.supabase.co/storage/v1/object/public/pinterest-question-pins/q-illit-302.png","K-pop Quizzes","","A ILLIT question for real fans. Think you know the answer? Tap through and play the full free quiz on kpopquiz.org to find out. Hundreds of fan-made K-pop quizzes, no signup, always free.","https://kpopquiz.org/illit-quiz?utm_source=pinterest&utm_medium=pin&utm_campaign=q302","2026-08-29T10:00:00","illit, kpop quiz, kpop trivia, illit quiz, illit fan, kpop game, kpop challenge"
"Test your ENHYPEN knowledge","https://rdkgouofytwfdpbxbzio.supabase.co/storage/v1/object/public/pinterest-question-pins/q-enhypen-303.png","ENHYPEN Quizzes","","A ENHYPEN question for real fans. Think you know the answer? Tap through and play the full free quiz on kpopquiz.org to find out. Hundreds of fan-made K-pop quizzes, no signup, always free.","https://kpopquiz.org/enhypen-quiz?utm_source=pinterest&utm_medium=pin&utm_campaign=q303","2026-08-29T11:00:00","enhypen, kpop quiz, kpop trivia, enhypen quiz, enhypen fan, kpop game, kpop challenge"
"SHINee trivia: do you know the answer?","https://rdkgouofytwfdpbxbzio.supabase.co/storage/v1/object/public/pinterest-question-pins/q-shinee-304.png","K-pop Quizzes","","A SHINee question for real fans. Think you know the answer? Tap through and play the full free quiz on kpopquiz.org to find out. Hundreds of fan-made K-pop quizzes, no signup, always free.","https://kpopquiz.org/shinee-quiz?utm_source=pinterest&utm_medium=pin&utm_campaign=q304","2026-08-29T12:00:00","shinee, kpop quiz, kpop trivia, shinee quiz, shinee fan, kpop game, kpop challenge"
"Can you pass this KickFlip question?","https://rdkgouofytwfdpbxbzio.supabase.co/storage/v1/object/public/pinterest-question-pins/q-kickflip-305.png","K-pop Quizzes","","A KickFlip question for real fans. Think you know the answer? Tap through and play the full free quiz on kpopquiz.org to find out. Hundreds of fan-made K-pop quizzes, no signup, always free.","https://kpopquiz.org/kickflip-quiz?utm_source=pinterest&utm_medium=pin&utm_campaign=q305","2026-08-29T13:00:00","kickflip, kpop quiz, kpop trivia, kickflip quiz, kickflip fan, kpop game, kpop challenge"
"How well do you know Cortis?","https://rdkgouofytwfdpbxbzio.supabase.co/storage/v1/object/public/pinterest-question-pins/q-cortis-306.png","K-pop Quizzes","","A Cortis question for real fans. Think you know the answer? Tap through and play the full free quiz on kpopquiz.org to find out. Hundreds of fan-made K-pop quizzes, no signup, always free.","https://kpopquiz.org/cortis-quiz?utm_source=pinterest&utm_medium=pin&utm_campaign=q306","2026-08-29T14:00:00","cortis, kpop quiz, kpop trivia, cortis quiz, cortis fan, kpop game, kpop challenge"
"ARTMS quiz: can you get this one right?","https://rdkgouofytwfdpbxbzio.supabase.co/storage/v1/object/public/pinterest-question-pins/q-artms-307.png","K-pop Quizzes","","A ARTMS question for real fans. Think you know the answer? Tap through and play the full free quiz on kpopquiz.org to find out. Hundreds of fan-made K-pop quizzes, no signup, always free.","https://kpopquiz.org/artms-quiz?utm_source=pinterest&utm_medium=pin&utm_campaign=q307","2026-08-29T15:00:00","artms, kpop quiz, kpop trivia, artms quiz, artms fan, kpop game, kpop challenge"
"Only real LE SSERAFIM fans get this","https://rdkgouofytwfdpbxbzio.supabase.co/storage/v1/object/public/pinterest-question-pins/q-le-sserafim-308.png","LE SSERAFIM Quizzes","","A LE SSERAFIM question for real fans. Think you know the answer? Tap through and play the full free quiz on kpopquiz.org to find out. Hundreds of fan-made K-pop quizzes, no signup, always free.","https://kpopquiz.org/le-sserafim-quiz?utm_source=pinterest&utm_medium=pin&utm_campaign=q308","2026-08-29T16:00:00","le sserafim, kpop quiz, kpop trivia, le sserafim quiz, le sserafim fan, kpop game, kpop challenge"
"Test your NCT knowledge","https://rdkgouofytwfdpbxbzio.supabase.co/storage/v1/object/public/pinterest-question-pins/q-nct-309.png","NCT Quizzes","","A NCT question for real fans. Think you know the answer? Tap through and play the full free quiz on kpopquiz.org to find out. Hundreds of fan-made K-pop quizzes, no signup, always free.","https://kpopquiz.org/nct-quiz?utm_source=pinterest&utm_medium=pin&utm_campaign=q309","2026-08-29T17:00:00","nct, kpop quiz, kpop trivia, nct quiz, nct fan, kpop game, kpop challenge"
"GOT7 trivia: do you know the answer?","https://rdkgouofytwfdpbxbzio.supabase.co/storage/v1/object/public/pinterest-question-pins/q-got7-310.png","K-pop Quizzes","","A GOT7 question for real fans. Think you know the answer? Tap through and play the full free quiz on kpopquiz.org to find out. Hundreds of fan-made K-pop quizzes, no signup, always free.","https://kpopquiz.org/got7-quiz?utm_source=pinterest&utm_medium=pin&utm_campaign=q310","2026-08-29T18:00:00","got7, kpop quiz, kpop trivia, got7 quiz, got7 fan, kpop game, kpop challenge"
"Can you pass this Loossemble question?","https://rdkgouofytwfdpbxbzio.supabase.co/storage/v1/object/public/pinterest-question-pins/q-loossemble-311.png","K-pop Quizzes","","A Loossemble question for real fans. Think you know the answer? Tap through and play the full free quiz on kpopquiz.org to find out. Hundreds of fan-made K-pop quizzes, no signup, always free.","https://kpopquiz.org/loossemble-quiz?utm_source=pinterest&utm_medium=pin&utm_campaign=q311","2026-08-29T19:00:00","loossemble, kpop quiz, kpop trivia, loossemble quiz, loossemble fan, kpop game, kpop challenge"
"How well do you know MAMAMOO?","https://rdkgouofytwfdpbxbzio.supabase.co/storage/v1/object/public/pinterest-question-pins/q-mamamoo-312.png","K-pop Quizzes","","A MAMAMOO question for real fans. Think you know the answer? Tap through and play the full free quiz on kpopquiz.org to find out. Hundreds of fan-made K-pop quizzes, no signup, always free.","https://kpopquiz.org/mamamoo-quiz?utm_source=pinterest&utm_medium=pin&utm_campaign=q312","2026-08-30T08:00:00","mamamoo, kpop quiz, kpop trivia, mamamoo quiz, mamamoo fan, kpop game, kpop challenge"
"BABYMONSTER quiz: can you get this one right?","https://rdkgouofytwfdpbxbzio.supabase.co/storage/v1/object/public/pinterest-question-pins/q-babymonster-313.png","K-pop Quizzes","","A BABYMONSTER question for real fans. Think you know the answer? Tap through and play the full free quiz on kpopquiz.org to find out. Hundreds of fan-made K-pop quizzes, no signup, always free.","https://kpopquiz.org/babymonster-quiz?utm_source=pinterest&utm_medium=pin&utm_campaign=q313","2026-08-30T09:00:00","babymonster, kpop quiz, kpop trivia, babymonster quiz, babymonster fan, kpop game, kpop challenge"
"Only real MONSTA X fans get this","https://rdkgouofytwfdpbxbzio.supabase.co/storage/v1/object/public/pinterest-question-pins/q-monsta-x-314.png","K-pop Quizzes","","A MONSTA X question for real fans. Think you know the answer? Tap through and play the full free quiz on kpopquiz.org to find out. Hundreds of fan-made K-pop quizzes, no signup, always free.","https://kpopquiz.org/monsta-x-quiz?utm_source=pinterest&utm_medium=pin&utm_campaign=q314","2026-08-30T10:00:00","monsta x, kpop quiz, kpop trivia, monsta x quiz, monsta x fan, kpop game, kpop challenge"
"Test your XIKERS knowledge","https://rdkgouofytwfdpbxbzio.supabase.co/storage/v1/object/public/pinterest-question-pins/q-xikers-315.png","K-pop Quizzes","","A XIKERS question for real fans. Think you know the answer? Tap through and play the full free quiz on kpopquiz.org to find out. Hundreds of fan-made K-pop quizzes, no signup, always free.","https://kpopquiz.org/xikers-quiz?utm_source=pinterest&utm_medium=pin&utm_campaign=q315","2026-08-30T11:00:00","xikers, kpop quiz, kpop trivia, xikers quiz, xikers fan, kpop game, kpop challenge"
"ASTRO trivia: do you know the answer?","https://rdkgouofytwfdpbxbzio.supabase.co/storage/v1/object/public/pinterest-question-pins/q-astro-316.png","K-pop Quizzes","","A ASTRO question for real fans. Think you know the answer? Tap through and play the full free quiz on kpopquiz.org to find out. Hundreds of fan-made K-pop quizzes, no signup, always free.","https://kpopquiz.org/astro-quiz?utm_source=pinterest&utm_medium=pin&utm_campaign=q316","2026-08-30T12:00:00","astro, kpop quiz, kpop trivia, astro quiz, astro fan, kpop game, kpop challenge"
"Can you pass this TREASURE question?","https://rdkgouofytwfdpbxbzio.supabase.co/storage/v1/object/public/pinterest-question-pins/q-treasure-317.png","K-pop Quizzes","","A TREASURE question for real fans. Think you know the answer? Tap through and play the full free quiz on kpopquiz.org to find out. Hundreds of fan-made K-pop quizzes, no signup, always free.","https://kpopquiz.org/treasure-quiz?utm_source=pinterest&utm_medium=pin&utm_campaign=q317","2026-08-30T13:00:00","treasure, kpop quiz, kpop trivia, treasure quiz, treasure fan, kpop game, kpop challenge"
"Test your K-pop knowledge","https://rdkgouofytwfdpbxbzio.supabase.co/storage/v1/object/public/pinterest-question-pins/q-general-kpop-318.png","K-pop Quizzes","","A K-pop question for real fans. Think you know the answer? Tap through and play the full free quiz on kpopquiz.org to find out. Hundreds of fan-made K-pop quizzes, no signup, always free.","https://kpopquiz.org?utm_source=pinterest&utm_medium=pin&utm_campaign=q318","2026-08-30T14:00:00","kpop, kpop quiz, kpop trivia, kpop fan, kpop game, kpop challenge"
"ATEEZ quiz: can you get this one right?","https://rdkgouofytwfdpbxbzio.supabase.co/storage/v1/object/public/pinterest-question-pins/q-ateez-319.png","ATEEZ Quizzes","","A ATEEZ question for real fans. Think you know the answer? Tap through and play the full free quiz on kpopquiz.org to find out. Hundreds of fan-made K-pop quizzes, no signup, always free.","https://kpopquiz.org/ateez-quiz?utm_source=pinterest&utm_medium=pin&utm_campaign=q319","2026-08-30T15:00:00","ateez, kpop quiz, kpop trivia, ateez quiz, ateez fan, kpop game, kpop challenge"
"Only real Stray Kids fans get this","https://rdkgouofytwfdpbxbzio.supabase.co/storage/v1/object/public/pinterest-question-pins/q-stray-kids-320.png","Stray Kids Quizzes","","A Stray Kids question for real fans. Think you know the answer? Tap through and play the full free quiz on kpopquiz.org to find out. Hundreds of fan-made K-pop quizzes, no signup, always free.","https://kpopquiz.org/stray-kids-quiz?utm_source=pinterest&utm_medium=pin&utm_campaign=q320","2026-08-30T16:00:00","stray kids, kpop quiz, kpop trivia, stray kids quiz, stray kids fan, kpop game, kpop challenge"
"Test your BTS knowledge","https://rdkgouofytwfdpbxbzio.supabase.co/storage/v1/object/public/pinterest-question-pins/q-bts-321.png","BTS Quizzes","","A BTS question for real fans. Think you know the answer? Tap through and play the full free quiz on kpopquiz.org to find out. Hundreds of fan-made K-pop quizzes, no signup, always free.","https://kpopquiz.org/bts-quiz?utm_source=pinterest&utm_medium=pin&utm_campaign=q321","2026-08-30T17:00:00","bts, kpop quiz, kpop trivia, bts quiz, bts fan, kpop game, kpop challenge"
"BLACKPINK trivia: do you know the answer?","https://rdkgouofytwfdpbxbzio.supabase.co/storage/v1/object/public/pinterest-question-pins/q-blackpink-322.png","BLACKPINK Quizzes","","A BLACKPINK question for real fans. Think you know the answer? Tap through and play the full free quiz on kpopquiz.org to find out. Hundreds of fan-made K-pop quizzes, no signup, always free.","https://kpopquiz.org/blackpink-quiz?utm_source=pinterest&utm_medium=pin&utm_campaign=q322","2026-08-30T18:00:00","blackpink, kpop quiz, kpop trivia, blackpink quiz, blackpink fan, kpop game, kpop challenge"
"Can you pass this aespa question?","https://rdkgouofytwfdpbxbzio.supabase.co/storage/v1/object/public/pinterest-question-pins/q-aespa-323.png","aespa Quizzes","","A aespa question for real fans. Think you know the answer? Tap through and play the full free quiz on kpopquiz.org to find out. Hundreds of fan-made K-pop quizzes, no signup, always free.","https://kpopquiz.org/aespa-quiz?utm_source=pinterest&utm_medium=pin&utm_campaign=q323","2026-08-30T19:00:00","aespa, kpop quiz, kpop trivia, aespa quiz, aespa fan, kpop game, kpop challenge"
"How well do you know TWICE?","https://rdkgouofytwfdpbxbzio.supabase.co/storage/v1/object/public/pinterest-question-pins/q-twice-324.png","TWICE Quizzes","","A TWICE question for real fans. Think you know the answer? Tap through and play the full free quiz on kpopquiz.org to find out. Hundreds of fan-made K-pop quizzes, no signup, always free.","https://kpopquiz.org/twice-quiz?utm_source=pinterest&utm_medium=pin&utm_campaign=q324","2026-08-31T08:00:00","twice, kpop quiz, kpop trivia, twice quiz, twice fan, kpop game, kpop challenge"
"SEVENTEEN quiz: can you get this one right?","https://rdkgouofytwfdpbxbzio.supabase.co/storage/v1/object/public/pinterest-question-pins/q-seventeen-325.png","SEVENTEEN Quizzes","","A SEVENTEEN question for real fans. Think you know the answer? Tap through and play the full free quiz on kpopquiz.org to find out. Hundreds of fan-made K-pop quizzes, no signup, always free.","https://kpopquiz.org/seventeen-quiz?utm_source=pinterest&utm_medium=pin&utm_campaign=q325","2026-08-31T09:00:00","seventeen, kpop quiz, kpop trivia, seventeen quiz, seventeen fan, kpop game, kpop challenge"
"Only real NewJeans fans get this","https://rdkgouofytwfdpbxbzio.supabase.co/storage/v1/object/public/pinterest-question-pins/q-newjeans-326.png","NewJeans Quizzes","","A NewJeans question for real fans. Think you know the answer? Tap through and play the full free quiz on kpopquiz.org to find out. Hundreds of fan-made K-pop quizzes, no signup, always free.","https://kpopquiz.org/newjeans-quiz?utm_source=pinterest&utm_medium=pin&utm_campaign=q326","2026-08-31T10:00:00","newjeans, kpop quiz, kpop trivia, newjeans quiz, newjeans fan, kpop game, kpop challenge"
"Test your LOONA knowledge","https://rdkgouofytwfdpbxbzio.supabase.co/storage/v1/object/public/pinterest-question-pins/q-loona-327.png","K-pop Quizzes","","A LOONA question for real fans. Think you know the answer? Tap through and play the full free quiz on kpopquiz.org to find out. Hundreds of fan-made K-pop quizzes, no signup, always free.","https://kpopquiz.org/loona-quiz?utm_source=pinterest&utm_medium=pin&utm_campaign=q327","2026-08-31T11:00:00","loona, kpop quiz, kpop trivia, loona quiz, loona fan, kpop game, kpop challenge"
"EXO trivia: do you know the answer?","https://rdkgouofytwfdpbxbzio.supabase.co/storage/v1/object/public/pinterest-question-pins/q-exo-328.png","EXO Quizzes","","A EXO question for real fans. Think you know the answer? Tap through and play the full free quiz on kpopquiz.org to find out. Hundreds of fan-made K-pop quizzes, no signup, always free.","https://kpopquiz.org/exo-quiz?utm_source=pinterest&utm_medium=pin&utm_campaign=q328","2026-08-31T12:00:00","exo, kpop quiz, kpop trivia, exo quiz, exo fan, kpop game, kpop challenge"
"Can you pass this IVE question?","https://rdkgouofytwfdpbxbzio.supabase.co/storage/v1/object/public/pinterest-question-pins/q-ive-329.png","IVE Quizzes","","A IVE question for real fans. Think you know the answer? Tap through and play the full free quiz on kpopquiz.org to find out. Hundreds of fan-made K-pop quizzes, no signup, always free.","https://kpopquiz.org/ive-quiz?utm_source=pinterest&utm_medium=pin&utm_campaign=q329","2026-08-31T13:00:00","ive, kpop quiz, kpop trivia, ive quiz, ive fan, kpop game, kpop challenge"
"How well do you know (G)I-DLE?","https://rdkgouofytwfdpbxbzio.supabase.co/storage/v1/object/public/pinterest-question-pins/q-g-i-dle-330.png","(G)I-DLE Quizzes","","A (G)I-DLE question for real fans. Think you know the answer? Tap through and play the full free quiz on kpopquiz.org to find out. Hundreds of fan-made K-pop quizzes, no signup, always free.","https://kpopquiz.org/g-i-dle-quiz?utm_source=pinterest&utm_medium=pin&utm_campaign=q330","2026-08-31T14:00:00","(g)i-dle, kpop quiz, kpop trivia, (g)i-dle quiz, (g)i-dle fan, kpop game, kpop challenge"
"TXT quiz: can you get this one right?","https://rdkgouofytwfdpbxbzio.supabase.co/storage/v1/object/public/pinterest-question-pins/q-txt-331.png","TXT Quizzes","","A TXT question for real fans. Think you know the answer? Tap through and play the full free quiz on kpopquiz.org to find out. Hundreds of fan-made K-pop quizzes, no signup, always free.","https://kpopquiz.org/txt-quiz?utm_source=pinterest&utm_medium=pin&utm_campaign=q331","2026-08-31T15:00:00","txt, kpop quiz, kpop trivia, txt quiz, txt fan, kpop game, kpop challenge"
"Only real Red Velvet fans get this","https://rdkgouofytwfdpbxbzio.supabase.co/storage/v1/object/public/pinterest-question-pins/q-red-velvet-332.png","Red Velvet Quizzes","","A Red Velvet question for real fans. Think you know the answer? Tap through and play the full free quiz on kpopquiz.org to find out. Hundreds of fan-made K-pop quizzes, no signup, always free.","https://kpopquiz.org/red-velvet-quiz?utm_source=pinterest&utm_medium=pin&utm_campaign=q332","2026-08-31T16:00:00","red velvet, kpop quiz, kpop trivia, red velvet quiz, red velvet fan, kpop game, kpop challenge"
"Test your ITZY knowledge","https://rdkgouofytwfdpbxbzio.supabase.co/storage/v1/object/public/pinterest-question-pins/q-itzy-333.png","ITZY Quizzes","","A ITZY question for real fans. Think you know the answer? Tap through and play the full free quiz on kpopquiz.org to find out. Hundreds of fan-made K-pop quizzes, no signup, always free.","https://kpopquiz.org/itzy-quiz?utm_source=pinterest&utm_medium=pin&utm_campaign=q333","2026-08-31T17:00:00","itzy, kpop quiz, kpop trivia, itzy quiz, itzy fan, kpop game, kpop challenge"
"ILLIT trivia: do you know the answer?","https://rdkgouofytwfdpbxbzio.supabase.co/storage/v1/object/public/pinterest-question-pins/q-illit-334.png","K-pop Quizzes","","A ILLIT question for real fans. Think you know the answer? Tap through and play the full free quiz on kpopquiz.org to find out. Hundreds of fan-made K-pop quizzes, no signup, always free.","https://kpopquiz.org/illit-quiz?utm_source=pinterest&utm_medium=pin&utm_campaign=q334","2026-08-31T18:00:00","illit, kpop quiz, kpop trivia, illit quiz, illit fan, kpop game, kpop challenge"
"Can you pass this ENHYPEN question?","https://rdkgouofytwfdpbxbzio.supabase.co/storage/v1/object/public/pinterest-question-pins/q-enhypen-335.png","ENHYPEN Quizzes","","A ENHYPEN question for real fans. Think you know the answer? Tap through and play the full free quiz on kpopquiz.org to find out. Hundreds of fan-made K-pop quizzes, no signup, always free.","https://kpopquiz.org/enhypen-quiz?utm_source=pinterest&utm_medium=pin&utm_campaign=q335","2026-08-31T19:00:00","enhypen, kpop quiz, kpop trivia, enhypen quiz, enhypen fan, kpop game, kpop challenge"
"How well do you know SHINee?","https://rdkgouofytwfdpbxbzio.supabase.co/storage/v1/object/public/pinterest-question-pins/q-shinee-336.png","K-pop Quizzes","","A SHINee question for real fans. Think you know the answer? Tap through and play the full free quiz on kpopquiz.org to find out. Hundreds of fan-made K-pop quizzes, no signup, always free.","https://kpopquiz.org/shinee-quiz?utm_source=pinterest&utm_medium=pin&utm_campaign=q336","2026-09-01T08:00:00","shinee, kpop quiz, kpop trivia, shinee quiz, shinee fan, kpop game, kpop challenge"
"KickFlip quiz: can you get this one right?","https://rdkgouofytwfdpbxbzio.supabase.co/storage/v1/object/public/pinterest-question-pins/q-kickflip-337.png","K-pop Quizzes","","A KickFlip question for real fans. Think you know the answer? Tap through and play the full free quiz on kpopquiz.org to find out. Hundreds of fan-made K-pop quizzes, no signup, always free.","https://kpopquiz.org/kickflip-quiz?utm_source=pinterest&utm_medium=pin&utm_campaign=q337","2026-09-01T09:00:00","kickflip, kpop quiz, kpop trivia, kickflip quiz, kickflip fan, kpop game, kpop challenge"
"Only real Cortis fans get this","https://rdkgouofytwfdpbxbzio.supabase.co/storage/v1/object/public/pinterest-question-pins/q-cortis-338.png","K-pop Quizzes","","A Cortis question for real fans. Think you know the answer? Tap through and play the full free quiz on kpopquiz.org to find out. Hundreds of fan-made K-pop quizzes, no signup, always free.","https://kpopquiz.org/cortis-quiz?utm_source=pinterest&utm_medium=pin&utm_campaign=q338","2026-09-01T10:00:00","cortis, kpop quiz, kpop trivia, cortis quiz, cortis fan, kpop game, kpop challenge"
"Test your ARTMS knowledge","https://rdkgouofytwfdpbxbzio.supabase.co/storage/v1/object/public/pinterest-question-pins/q-artms-339.png","K-pop Quizzes","","A ARTMS question for real fans. Think you know the answer? Tap through and play the full free quiz on kpopquiz.org to find out. Hundreds of fan-made K-pop quizzes, no signup, always free.","https://kpopquiz.org/artms-quiz?utm_source=pinterest&utm_medium=pin&utm_campaign=q339","2026-09-01T11:00:00","artms, kpop quiz, kpop trivia, artms quiz, artms fan, kpop game, kpop challenge"
"LE SSERAFIM trivia: do you know the answer?","https://rdkgouofytwfdpbxbzio.supabase.co/storage/v1/object/public/pinterest-question-pins/q-le-sserafim-340.png","LE SSERAFIM Quizzes","","A LE SSERAFIM question for real fans. Think you know the answer? Tap through and play the full free quiz on kpopquiz.org to find out. Hundreds of fan-made K-pop quizzes, no signup, always free.","https://kpopquiz.org/le-sserafim-quiz?utm_source=pinterest&utm_medium=pin&utm_campaign=q340","2026-09-01T12:00:00","le sserafim, kpop quiz, kpop trivia, le sserafim quiz, le sserafim fan, kpop game, kpop challenge"
"Can you pass this NCT question?","https://rdkgouofytwfdpbxbzio.supabase.co/storage/v1/object/public/pinterest-question-pins/q-nct-341.png","NCT Quizzes","","A NCT question for real fans. Think you know the answer? Tap through and play the full free quiz on kpopquiz.org to find out. Hundreds of fan-made K-pop quizzes, no signup, always free.","https://kpopquiz.org/nct-quiz?utm_source=pinterest&utm_medium=pin&utm_campaign=q341","2026-09-01T13:00:00","nct, kpop quiz, kpop trivia, nct quiz, nct fan, kpop game, kpop challenge"
"How well do you know GOT7?","https://rdkgouofytwfdpbxbzio.supabase.co/storage/v1/object/public/pinterest-question-pins/q-got7-342.png","K-pop Quizzes","","A GOT7 question for real fans. Think you know the answer? Tap through and play the full free quiz on kpopquiz.org to find out. Hundreds of fan-made K-pop quizzes, no signup, always free.","https://kpopquiz.org/got7-quiz?utm_source=pinterest&utm_medium=pin&utm_campaign=q342","2026-09-01T14:00:00","got7, kpop quiz, kpop trivia, got7 quiz, got7 fan, kpop game, kpop challenge"
"Loossemble quiz: can you get this one right?","https://rdkgouofytwfdpbxbzio.supabase.co/storage/v1/object/public/pinterest-question-pins/q-loossemble-343.png","K-pop Quizzes","","A Loossemble question for real fans. Think you know the answer? Tap through and play the full free quiz on kpopquiz.org to find out. Hundreds of fan-made K-pop quizzes, no signup, always free.","https://kpopquiz.org/loossemble-quiz?utm_source=pinterest&utm_medium=pin&utm_campaign=q343","2026-09-01T15:00:00","loossemble, kpop quiz, kpop trivia, loossemble quiz, loossemble fan, kpop game, kpop challenge"
"Only real MAMAMOO fans get this","https://rdkgouofytwfdpbxbzio.supabase.co/storage/v1/object/public/pinterest-question-pins/q-mamamoo-344.png","K-pop Quizzes","","A MAMAMOO question for real fans. Think you know the answer? Tap through and play the full free quiz on kpopquiz.org to find out. Hundreds of fan-made K-pop quizzes, no signup, always free.","https://kpopquiz.org/mamamoo-quiz?utm_source=pinterest&utm_medium=pin&utm_campaign=q344","2026-09-01T16:00:00","mamamoo, kpop quiz, kpop trivia, mamamoo quiz, mamamoo fan, kpop game, kpop challenge"
"Test your BABYMONSTER knowledge","https://rdkgouofytwfdpbxbzio.supabase.co/storage/v1/object/public/pinterest-question-pins/q-babymonster-345.png","K-pop Quizzes","","A BABYMONSTER question for real fans. Think you know the answer? Tap through and play the full free quiz on kpopquiz.org to find out. Hundreds of fan-made K-pop quizzes, no signup, always free.","https://kpopquiz.org/babymonster-quiz?utm_source=pinterest&utm_medium=pin&utm_campaign=q345","2026-09-01T17:00:00","babymonster, kpop quiz, kpop trivia, babymonster quiz, babymonster fan, kpop game, kpop challenge"
"MONSTA X trivia: do you know the answer?","https://rdkgouofytwfdpbxbzio.supabase.co/storage/v1/object/public/pinterest-question-pins/q-monsta-x-346.png","K-pop Quizzes","","A MONSTA X question for real fans. Think you know the answer? Tap through and play the full free quiz on kpopquiz.org to find out. Hundreds of fan-made K-pop quizzes, no signup, always free.","https://kpopquiz.org/monsta-x-quiz?utm_source=pinterest&utm_medium=pin&utm_campaign=q346","2026-09-01T18:00:00","monsta x, kpop quiz, kpop trivia, monsta x quiz, monsta x fan, kpop game, kpop challenge"
"Can you pass this XIKERS question?","https://rdkgouofytwfdpbxbzio.supabase.co/storage/v1/object/public/pinterest-question-pins/q-xikers-347.png","K-pop Quizzes","","A XIKERS question for real fans. Think you know the answer? Tap through and play the full free quiz on kpopquiz.org to find out. Hundreds of fan-made K-pop quizzes, no signup, always free.","https://kpopquiz.org/xikers-quiz?utm_source=pinterest&utm_medium=pin&utm_campaign=q347","2026-09-01T19:00:00","xikers, kpop quiz, kpop trivia, xikers quiz, xikers fan, kpop game, kpop challenge"
"How well do you know ASTRO?","https://rdkgouofytwfdpbxbzio.supabase.co/storage/v1/object/public/pinterest-question-pins/q-astro-348.png","K-pop Quizzes","","A ASTRO question for real fans. Think you know the answer? Tap through and play the full free quiz on kpopquiz.org to find out. Hundreds of fan-made K-pop quizzes, no signup, always free.","https://kpopquiz.org/astro-quiz?utm_source=pinterest&utm_medium=pin&utm_campaign=q348","2026-09-02T08:00:00","astro, kpop quiz, kpop trivia, astro quiz, astro fan, kpop game, kpop challenge"
"TREASURE quiz: can you get this one right?","https://rdkgouofytwfdpbxbzio.supabase.co/storage/v1/object/public/pinterest-question-pins/q-treasure-349.png","K-pop Quizzes","","A TREASURE question for real fans. Think you know the answer? Tap through and play the full free quiz on kpopquiz.org to find out. Hundreds of fan-made K-pop quizzes, no signup, always free.","https://kpopquiz.org/treasure-quiz?utm_source=pinterest&utm_medium=pin&utm_campaign=q349","2026-09-02T09:00:00","treasure, kpop quiz, kpop trivia, treasure quiz, treasure fan, kpop game, kpop challenge"
"How well do you know K-pop?","https://rdkgouofytwfdpbxbzio.supabase.co/storage/v1/object/public/pinterest-question-pins/q-general-kpop-350.png","K-pop Quizzes","","A K-pop question for real fans. Think you know the answer? Tap through and play the full free quiz on kpopquiz.org to find out. Hundreds of fan-made K-pop quizzes, no signup, always free.","https://kpopquiz.org?utm_source=pinterest&utm_medium=pin&utm_campaign=q350","2026-09-02T10:00:00","kpop, kpop quiz, kpop trivia, kpop fan, kpop game, kpop challenge"
"Test your ATEEZ knowledge","https://rdkgouofytwfdpbxbzio.supabase.co/storage/v1/object/public/pinterest-question-pins/q-ateez-351.png","ATEEZ Quizzes","","A ATEEZ question for real fans. Think you know the answer? Tap through and play the full free quiz on kpopquiz.org to find out. Hundreds of fan-made K-pop quizzes, no signup, always free.","https://kpopquiz.org/ateez-quiz?utm_source=pinterest&utm_medium=pin&utm_campaign=q351","2026-09-02T11:00:00","ateez, kpop quiz, kpop trivia, ateez quiz, ateez fan, kpop game, kpop challenge"
"Stray Kids trivia: do you know the answer?","https://rdkgouofytwfdpbxbzio.supabase.co/storage/v1/object/public/pinterest-question-pins/q-stray-kids-352.png","Stray Kids Quizzes","","A Stray Kids question for real fans. Think you know the answer? Tap through and play the full free quiz on kpopquiz.org to find out. Hundreds of fan-made K-pop quizzes, no signup, always free.","https://kpopquiz.org/stray-kids-quiz?utm_source=pinterest&utm_medium=pin&utm_campaign=q352","2026-09-02T12:00:00","stray kids, kpop quiz, kpop trivia, stray kids quiz, stray kids fan, kpop game, kpop challenge"
"Can you pass this BTS question?","https://rdkgouofytwfdpbxbzio.supabase.co/storage/v1/object/public/pinterest-question-pins/q-bts-353.png","BTS Quizzes","","A BTS question for real fans. Think you know the answer? Tap through and play the full free quiz on kpopquiz.org to find out. Hundreds of fan-made K-pop quizzes, no signup, always free.","https://kpopquiz.org/bts-quiz?utm_source=pinterest&utm_medium=pin&utm_campaign=q353","2026-09-02T13:00:00","bts, kpop quiz, kpop trivia, bts quiz, bts fan, kpop game, kpop challenge"
"How well do you know BLACKPINK?","https://rdkgouofytwfdpbxbzio.supabase.co/storage/v1/object/public/pinterest-question-pins/q-blackpink-354.png","BLACKPINK Quizzes","","A BLACKPINK question for real fans. Think you know the answer? Tap through and play the full free quiz on kpopquiz.org to find out. Hundreds of fan-made K-pop quizzes, no signup, always free.","https://kpopquiz.org/blackpink-quiz?utm_source=pinterest&utm_medium=pin&utm_campaign=q354","2026-09-02T14:00:00","blackpink, kpop quiz, kpop trivia, blackpink quiz, blackpink fan, kpop game, kpop challenge"
"aespa quiz: can you get this one right?","https://rdkgouofytwfdpbxbzio.supabase.co/storage/v1/object/public/pinterest-question-pins/q-aespa-355.png","aespa Quizzes","","A aespa question for real fans. Think you know the answer? Tap through and play the full free quiz on kpopquiz.org to find out. Hundreds of fan-made K-pop quizzes, no signup, always free.","https://kpopquiz.org/aespa-quiz?utm_source=pinterest&utm_medium=pin&utm_campaign=q355","2026-09-02T15:00:00","aespa, kpop quiz, kpop trivia, aespa quiz, aespa fan, kpop game, kpop challenge"
"Only real TWICE fans get this","https://rdkgouofytwfdpbxbzio.supabase.co/storage/v1/object/public/pinterest-question-pins/q-twice-356.png","TWICE Quizzes","","A TWICE question for real fans. Think you know the answer? Tap through and play the full free quiz on kpopquiz.org to find out. Hundreds of fan-made K-pop quizzes, no signup, always free.","https://kpopquiz.org/twice-quiz?utm_source=pinterest&utm_medium=pin&utm_campaign=q356","2026-09-02T16:00:00","twice, kpop quiz, kpop trivia, twice quiz, twice fan, kpop game, kpop challenge"
"Test your SEVENTEEN knowledge","https://rdkgouofytwfdpbxbzio.supabase.co/storage/v1/object/public/pinterest-question-pins/q-seventeen-357.png","SEVENTEEN Quizzes","","A SEVENTEEN question for real fans. Think you know the answer? Tap through and play the full free quiz on kpopquiz.org to find out. Hundreds of fan-made K-pop quizzes, no signup, always free.","https://kpopquiz.org/seventeen-quiz?utm_source=pinterest&utm_medium=pin&utm_campaign=q357","2026-09-02T17:00:00","seventeen, kpop quiz, kpop trivia, seventeen quiz, seventeen fan, kpop game, kpop challenge"
"NewJeans trivia: do you know the answer?","https://rdkgouofytwfdpbxbzio.supabase.co/storage/v1/object/public/pinterest-question-pins/q-newjeans-358.png","NewJeans Quizzes","","A NewJeans question for real fans. Think you know the answer? Tap through and play the full free quiz on kpopquiz.org to find out. Hundreds of fan-made K-pop quizzes, no signup, always free.","https://kpopquiz.org/newjeans-quiz?utm_source=pinterest&utm_medium=pin&utm_campaign=q358","2026-09-02T18:00:00","newjeans, kpop quiz, kpop trivia, newjeans quiz, newjeans fan, kpop game, kpop challenge"
"Can you pass this LOONA question?","https://rdkgouofytwfdpbxbzio.supabase.co/storage/v1/object/public/pinterest-question-pins/q-loona-359.png","K-pop Quizzes","","A LOONA question for real fans. Think you know the answer? Tap through and play the full free quiz on kpopquiz.org to find out. Hundreds of fan-made K-pop quizzes, no signup, always free.","https://kpopquiz.org/loona-quiz?utm_source=pinterest&utm_medium=pin&utm_campaign=q359","2026-09-02T19:00:00","loona, kpop quiz, kpop trivia, loona quiz, loona fan, kpop game, kpop challenge"
